app,method,path,dimension,reason,evidence
dashboard,DELETE,/autoTag/destroy,corp_scope,no-static-corp-scope,internal/server/server.go
dashboard,DELETE,/autoTag/destroy,response,no-static-response-fields,internal/server/server.go
dashboard,DELETE,/contactBatchAdd/destroy,corp_scope,no-static-corp-scope,internal/server/server.go
dashboard,DELETE,/contactBatchAdd/destroy,response,no-static-response-fields,internal/server/server.go
dashboard,DELETE,/contactBatchAdd/importDestroy,corp_scope,no-static-corp-scope,internal/server/server.go
dashboard,DELETE,/contactBatchAdd/importDestroy,response,no-static-response-fields,internal/server/server.go
dashboard,DELETE,/contactField/destroy,corp_scope,no-static-corp-scope,git:3dcd216c188df34f2c3ed489b8e8b9473e635488:api-server/app/core/work-contact/src/Action/Dashboard/Field/Destroy.php#L40
dashboard,DELETE,/contactMessageBatchSend/destroy,corp_scope,no-static-corp-scope,git:3dcd216c188df34f2c3ed489b8e8b9473e635488:api-server/plugin/mochat/contact-message-batch-send/src/Action/Dashboard/Destroy.php#L43
dashboard,DELETE,/contactSop/destroy,corp_scope,no-static-corp-scope,internal/server/server.go
dashboard,DELETE,/contactSop/destroy,response,no-static-response-fields,internal/server/server.go
dashboard,DELETE,/lottery/destroy,corp_scope,no-static-corp-scope,internal/server/server.go
dashboard,DELETE,/lottery/destroy,response,no-static-response-fields,internal/server/server.go
dashboard,DELETE,/medium/destroy,corp_scope,no-static-corp-scope,git:3dcd216c188df34f2c3ed489b8e8b9473e635488:api-server/app/core/medium/src/Action/Dashboard/Destroy.php#L40
dashboard,DELETE,/mediumGroup/destroy,corp_scope,no-static-corp-scope,git:3dcd216c188df34f2c3ed489b8e8b9473e635488:api-server/app/core/medium/src/Action/Dashboard/Group/Destroy.php#L37
dashboard,DELETE,/radar/destroy,corp_scope,no-static-corp-scope,internal/server/server.go
dashboard,DELETE,/radar/destroy,response,no-static-response-fields,internal/server/server.go
dashboard,DELETE,/roomCalendar/destroy,corp_scope,no-static-corp-scope,internal/server/server.go
dashboard,DELETE,/roomCalendar/destroy,response,no-static-response-fields,internal/server/server.go
dashboard,DELETE,/roomCalendar/destroyRoom,corp_scope,no-static-corp-scope,internal/server/server.go
dashboard,DELETE,/roomCalendar/destroyRoom,response,no-static-response-fields,internal/server/server.go
dashboard,DELETE,/roomClockIn/destroy,corp_scope,no-static-corp-scope,internal/server/server.go
dashboard,DELETE,/roomClockIn/destroy,response,no-static-response-fields,internal/server/server.go
dashboard,DELETE,/roomFission/destroy,corp_scope,no-static-corp-scope,internal/server/server.go
dashboard,DELETE,/roomFission/destroy,response,no-static-response-fields,internal/server/server.go
dashboard,DELETE,/roomInfinitePull/destroy,corp_scope,no-static-corp-scope,internal/server/server.go
dashboard,DELETE,/roomInfinitePull/destroy,response,no-static-response-fields,internal/server/server.go
dashboard,DELETE,/roomMessageBatchSend/destroy,corp_scope,no-static-corp-scope,git:3dcd216c188df34f2c3ed489b8e8b9473e635488:api-server/plugin/mochat/room-message-batch-send/src/Action/Dashboard/Destroy.php#L43
dashboard,DELETE,/roomQuality/destroy,corp_scope,no-static-corp-scope,internal/server/server.go
dashboard,DELETE,/roomQuality/destroy,response,no-static-response-fields,internal/server/server.go
dashboard,DELETE,/roomRemind/destroy,corp_scope,no-static-corp-scope,internal/server/server.go
dashboard,DELETE,/roomRemind/destroy,response,no-static-response-fields,internal/server/server.go
dashboard,DELETE,/roomSop/destroy,corp_scope,no-static-corp-scope,internal/server/server.go
dashboard,DELETE,/roomSop/destroy,response,no-static-response-fields,internal/server/server.go
dashboard,DELETE,/sensitiveWord/destroy,corp_scope,no-static-corp-scope,internal/server/server.go
dashboard,DELETE,/sensitiveWord/destroy,response,no-static-response-fields,internal/server/server.go
dashboard,DELETE,/shopCode/destroy,corp_scope,no-static-corp-scope,internal/server/server.go
dashboard,DELETE,/shopCode/destroy,response,no-static-response-fields,internal/server/server.go
dashboard,DELETE,/workContactTag/destroy,response,no-static-response-fields,git:3dcd216c188df34f2c3ed489b8e8b9473e635488:api-server/app/core/work-contact/src/Action/Dashboard/Tag/Destroy.php#L53
dashboard,DELETE,/workContactTagGroup/destroy,response,no-static-response-fields,git:3dcd216c188df34f2c3ed489b8e8b9473e635488:api-server/app/core/work-contact/src/Action/Dashboard/TagGroup/Destroy.php#L66
dashboard,DELETE,/workRoomGroup/destroy,corp_scope,no-static-corp-scope,git:3dcd216c188df34f2c3ed489b8e8b9473e635488:api-server/app/core/work-room/src/Action/Dashboard/Group/Destroy.php#L60
dashboard,DELETE,menu/destroy,corp_scope,no-static-corp-scope,git:3dcd216c188df34f2c3ed489b8e8b9473e635488:api-server/app/core/rbac/src/Action/Dashboard/Menu/Destroy.php#L46
dashboard,GET,/autoTag/index,corp_scope,no-static-corp-scope,internal/server/server.go
dashboard,GET,/autoTag/show,corp_scope,no-static-corp-scope,internal/server/server.go
dashboard,GET,/autoTag/showContactKeyWord,corp_scope,no-static-corp-scope,internal/server/server.go
dashboard,GET,/autoTag/showContactRoom,corp_scope,no-static-corp-scope,internal/server/server.go
dashboard,GET,/autoTag/showContactTime,corp_scope,no-static-corp-scope,internal/server/server.go
dashboard,GET,/channelCode/contact,corp_scope,no-static-corp-scope,git:3dcd216c188df34f2c3ed489b8e8b9473e635488:api-server/plugin/mochat/channel-code/src/Action/Dashboard/Contact.php#L44
dashboard,GET,/channelCode/index,corp_scope,no-static-corp-scope,git:3dcd216c188df34f2c3ed489b8e8b9473e635488:api-server/plugin/mochat/channel-code/src/Action/Dashboard/Index.php#L42
dashboard,GET,/channelCode/show,corp_scope,no-static-corp-scope,git:3dcd216c188df34f2c3ed489b8e8b9473e635488:api-server/plugin/mochat/channel-code/src/Action/Dashboard/Show.php#L45
dashboard,GET,/channelCode/statistics,corp_scope,no-static-corp-scope,git:3dcd216c188df34f2c3ed489b8e8b9473e635488:api-server/plugin/mochat/channel-code/src/Action/Dashboard/Statistics.php#L45
dashboard,GET,/channelCode/statisticsIndex,corp_scope,no-static-corp-scope,git:3dcd216c188df34f2c3ed489b8e8b9473e635488:api-server/plugin/mochat/channel-code/src/Action/Dashboard/StatisticsIndex.php#L45
dashboard,GET,/channelCodeGroup/index,response,indirect-response-shape,git:3dcd216c188df34f2c3ed489b8e8b9473e635488:api-server/plugin/mochat/channel-code/src/Action/Dashboard/Group/Index.php#L40
dashboard,GET,/chatTool/config,corp_scope,no-static-corp-scope,git:3dcd216c188df34f2c3ed489b8e8b9473e635488:api-server/app/core/chat-tool/src/Action/Dashboard/Index.php#L89
dashboard,GET,/clockIn/index,corp_scope,no-static-corp-scope,internal/server/server.go
dashboard,GET,/clockIn/index,response,no-static-response-fields,internal/server/server.go
dashboard,GET,/contactBatchAdd/dataStatistic,corp_scope,no-static-corp-scope,internal/server/server.go
dashboard,GET,/contactBatchAdd/dataStatistic,response,no-static-response-fields,internal/server/server.go
dashboard,GET,/contactBatchAdd/importIndex,corp_scope,no-static-corp-scope,internal/server/server.go
dashboard,GET,/contactBatchAdd/importIndex,response,no-static-response-fields,internal/server/server.go
dashboard,GET,/contactBatchAdd/index,corp_scope,no-static-corp-scope,internal/server/server.go
dashboard,GET,/contactBatchAdd/index,response,no-static-response-fields,internal/server/server.go
dashboard,GET,/contactBatchAdd/remind,corp_scope,no-static-corp-scope,internal/server/server.go
dashboard,GET,/contactBatchAdd/remind,response,no-static-response-fields,internal/server/server.go
dashboard,GET,/contactBatchAdd/settingEdit,corp_scope,no-static-corp-scope,internal/server/server.go
dashboard,GET,/contactBatchAdd/settingEdit,response,no-static-response-fields,internal/server/server.go
dashboard,GET,/contactField/index,corp_scope,no-static-corp-scope,git:3dcd216c188df34f2c3ed489b8e8b9473e635488:api-server/app/core/work-contact/src/Action/Dashboard/Field/Index.php#L39
dashboard,GET,/contactField/portrait,corp_scope,no-static-corp-scope,git:3dcd216c188df34f2c3ed489b8e8b9473e635488:api-server/app/core/work-contact/src/Action/Dashboard/Field/Portrait.php#L42
dashboard,GET,/contactField/portrait,response,indirect-response-shape,git:3dcd216c188df34f2c3ed489b8e8b9473e635488:api-server/app/core/work-contact/src/Action/Dashboard/Field/Portrait.php#L42
dashboard,GET,/contactFieldPivot/index,corp_scope,no-static-corp-scope,git:3dcd216c188df34f2c3ed489b8e8b9473e635488:api-server/app/core/work-contact/src/Action/Dashboard/FieldPivot/Index.php#L54
dashboard,GET,/contactFieldPivot/index,response,indirect-response-shape,git:3dcd216c188df34f2c3ed489b8e8b9473e635488:api-server/app/core/work-contact/src/Action/Dashboard/FieldPivot/Index.php#L54
dashboard,GET,/contactMessageBatchSend/contactReceiveIndex,corp_scope,no-static-corp-scope,git:3dcd216c188df34f2c3ed489b8e8b9473e635488:api-server/plugin/mochat/contact-message-batch-send/src/Action/Dashboard/ContactReceiveIndex.php#L43
dashboard,GET,/contactMessageBatchSend/employeeSendIndex,corp_scope,no-static-corp-scope,git:3dcd216c188df34f2c3ed489b8e8b9473e635488:api-server/plugin/mochat/contact-message-batch-send/src/Action/Dashboard/EmployeeSendIndex.php#L43
dashboard,GET,/contactMessageBatchSend/index,corp_scope,no-static-corp-scope,git:3dcd216c188df34f2c3ed489b8e8b9473e635488:api-server/plugin/mochat/contact-message-batch-send/src/Action/Dashboard/Index.php#L43
dashboard,GET,/contactMessageBatchSend/messageShow,corp_scope,no-static-corp-scope,internal/server/server.go
dashboard,GET,/contactMessageBatchSend/messageShow,response,no-static-response-fields,internal/server/server.go
dashboard,GET,/contactMessageBatchSend/show,corp_scope,no-static-corp-scope,git:3dcd216c188df34f2c3ed489b8e8b9473e635488:api-server/plugin/mochat/contact-message-batch-send/src/Action/Dashboard/Show.php#L43
dashboard,GET,/contactMessageBatchSend/show,response,indirect-response-shape,git:3dcd216c188df34f2c3ed489b8e8b9473e635488:api-server/plugin/mochat/contact-message-batch-send/src/Action/Dashboard/Show.php#L43
dashboard,GET,/contactMessageBatchSend/showRoom,corp_scope,no-static-corp-scope,git:3dcd216c188df34f2c3ed489b8e8b9473e635488:api-server/plugin/mochat/contact-message-batch-send/src/Action/Dashboard/ShowRoom.php#L64
dashboard,GET,/contactMessageBatchSend/showRoom,response,indirect-response-shape,git:3dcd216c188df34f2c3ed489b8e8b9473e635488:api-server/plugin/mochat/contact-message-batch-send/src/Action/Dashboard/ShowRoom.php#L64
dashboard,GET,/contactSop/index,corp_scope,no-static-corp-scope,internal/server/server.go
dashboard,GET,/contactSop/index,response,no-static-response-fields,internal/server/server.go
dashboard,GET,/contactSop/info,corp_scope,no-static-corp-scope,internal/server/server.go
dashboard,GET,/contactSop/info,response,no-static-response-fields,internal/server/server.go
dashboard,GET,/contactTransfer/info,response,indirect-response-shape,git:3dcd216c188df34f2c3ed489b8e8b9473e635488:api-server/plugin/mochat/contact-transfer/src/Action/Dashboard/Info.php#L52
dashboard,GET,/contactTransfer/log,response,indirect-response-shape,git:3dcd216c188df34f2c3ed489b8e8b9473e635488:api-server/plugin/mochat/contact-transfer/src/Action/Dashboard/Log.php#L53
dashboard,GET,/contactTransfer/room,response,indirect-response-shape,git:3dcd216c188df34f2c3ed489b8e8b9473e635488:api-server/plugin/mochat/contact-transfer/src/Action/Dashboard/Room.php#L53
dashboard,GET,/corp/select,corp_scope,no-static-corp-scope,git:3dcd216c188df34f2c3ed489b8e8b9473e635488:api-server/app/core/corp/src/Action/Dashboard/Select.php#L50
dashboard,GET,/corp/select,response,indirect-response-shape,git:3dcd216c188df34f2c3ed489b8e8b9473e635488:api-server/app/core/corp/src/Action/Dashboard/Select.php#L50
dashboard,GET,/corp/show,response,indirect-response-shape,git:3dcd216c188df34f2c3ed489b8e8b9473e635488:api-server/app/core/corp/src/Action/Dashboard/Show.php#L43
dashboard,GET,/corpData/lineChat,response,indirect-response-shape,git:3dcd216c188df34f2c3ed489b8e8b9473e635488:api-server/app/core/index/src/Action/Dashboard/LineChat.php#L42
dashboard,GET,/external/tenantIndex,corp_scope,no-static-corp-scope,internal/server/server.go
dashboard,GET,/greeting/index,corp_scope,no-static-corp-scope,git:3dcd216c188df34f2c3ed489b8e8b9473e635488:api-server/plugin/mochat/greeting/src/Action/Dashboard/Index.php#L41
dashboard,GET,/greeting/show,corp_scope,no-static-corp-scope,git:3dcd216c188df34f2c3ed489b8e8b9473e635488:api-server/plugin/mochat/greeting/src/Action/Dashboard/Show.php#L57
dashboard,GET,/lottery/index,corp_scope,no-static-corp-scope,internal/server/server.go
dashboard,GET,/lottery/index,response,no-static-response-fields,internal/server/server.go
dashboard,GET,/lottery/info,corp_scope,no-static-corp-scope,internal/server/server.go
dashboard,GET,/lottery/info,response,no-static-response-fields,internal/server/server.go
dashboard,GET,/lottery/share,corp_scope,no-static-corp-scope,internal/server/server.go
dashboard,GET,/lottery/share,response,no-static-response-fields,internal/server/server.go
dashboard,GET,/lottery/show,corp_scope,no-static-corp-scope,internal/server/server.go
dashboard,GET,/lottery/show,response,no-static-response-fields,internal/server/server.go
dashboard,GET,/lottery/writeOff,corp_scope,no-static-corp-scope,internal/server/server.go
dashboard,GET,/lottery/writeOff,response,no-static-response-fields,internal/server/server.go
dashboard,GET,/medium/index,corp_scope,no-static-corp-scope,git:3dcd216c188df34f2c3ed489b8e8b9473e635488:api-server/app/core/medium/src/Action/Dashboard/Index.php#L43
dashboard,GET,/medium/show,corp_scope,no-static-corp-scope,git:3dcd216c188df34f2c3ed489b8e8b9473e635488:api-server/app/core/medium/src/Action/Dashboard/Show.php#L38
dashboard,GET,/medium/show,response,indirect-response-shape,git:3dcd216c188df34f2c3ed489b8e8b9473e635488:api-server/app/core/medium/src/Action/Dashboard/Show.php#L38
dashboard,GET,/mediumGroup/index,corp_scope,no-static-corp-scope,git:3dcd216c188df34f2c3ed489b8e8b9473e635488:api-server/app/core/medium/src/Action/Dashboard/Group/Index.php#L36
dashboard,GET,/mediumGroup/index,response,indirect-response-shape,git:3dcd216c188df34f2c3ed489b8e8b9473e635488:api-server/app/core/medium/src/Action/Dashboard/Group/Index.php#L36
dashboard,GET,/officialAccount/index,response,indirect-response-shape,git:3dcd216c188df34f2c3ed489b8e8b9473e635488:api-server/app/core/official-account/src/Action/Dashboard/Index.php#L78
dashboard,GET,/radar/index,corp_scope,no-static-corp-scope,internal/server/server.go
dashboard,GET,/radar/index,response,no-static-response-fields,internal/server/server.go
dashboard,GET,/radar/indexChannel,corp_scope,no-static-corp-scope,internal/server/server.go
dashboard,GET,/radar/indexChannelLink,corp_scope,no-static-corp-scope,internal/server/server.go
dashboard,GET,/radar/info,corp_scope,no-static-corp-scope,internal/server/server.go
dashboard,GET,/radar/info,response,no-static-response-fields,internal/server/server.go
dashboard,GET,/radar/radarArticle,corp_scope,no-static-corp-scope,internal/server/server.go
dashboard,GET,/radar/radarArticle,response,no-static-response-fields,internal/server/server.go
dashboard,GET,/radar/show,corp_scope,no-static-corp-scope,internal/server/server.go
dashboard,GET,/radar/show,response,no-static-response-fields,internal/server/server.go
dashboard,GET,/radar/showChannel,corp_scope,no-static-corp-scope,internal/server/server.go
dashboard,GET,/radar/showChannel,response,no-static-response-fields,internal/server/server.go
dashboard,GET,/radar/showContact,corp_scope,no-static-corp-scope,internal/server/server.go
dashboard,GET,/role/index,response,indirect-response-shape,git:3dcd216c188df34f2c3ed489b8e8b9473e635488:api-server/app/core/rbac/src/Action/Dashboard/Role/Index.php#L47
dashboard,GET,/role/permissionByUser,corp_scope,no-static-corp-scope,git:3dcd216c188df34f2c3ed489b8e8b9473e635488:api-server/app/core/rbac/src/Action/Dashboard/Role/PermissionByUser.php#L70
dashboard,GET,/role/permissionByUser,response,indirect-response-shape,git:3dcd216c188df34f2c3ed489b8e8b9473e635488:api-server/app/core/rbac/src/Action/Dashboard/Role/PermissionByUser.php#L70
dashboard,GET,/role/permissionShow,corp_scope,no-static-corp-scope,git:3dcd216c188df34f2c3ed489b8e8b9473e635488:api-server/app/core/rbac/src/Action/Dashboard/Role/PermissionShow.php#L44
dashboard,GET,/role/permissionShow,response,indirect-response-shape,git:3dcd216c188df34f2c3ed489b8e8b9473e635488:api-server/app/core/rbac/src/Action/Dashboard/Role/PermissionShow.php#L44
dashboard,GET,/role/select,corp_scope,no-static-corp-scope,git:3dcd216c188df34f2c3ed489b8e8b9473e635488:api-server/app/core/rbac/src/Action/Dashboard/Role/Select.php#L43
dashboard,GET,/role/select,response,indirect-response-shape,git:3dcd216c188df34f2c3ed489b8e8b9473e635488:api-server/app/core/rbac/src/Action/Dashboard/Role/Select.php#L43
dashboard,GET,/role/showEmployee,response,indirect-response-shape,git:3dcd216c188df34f2c3ed489b8e8b9473e635488:api-server/app/core/rbac/src/Action/Dashboard/Role/ShowEmployee.php#L47
dashboard,GET,/roomCalendar/index,corp_scope,no-static-corp-scope,internal/server/server.go
dashboard,GET,/roomCalendar/index,response,no-static-response-fields,internal/server/server.go
dashboard,GET,/roomCalendar/show,corp_scope,no-static-corp-scope,internal/server/server.go
dashboard,GET,/roomCalendar/show,response,no-static-response-fields,internal/server/server.go
dashboard,GET,/roomClockIn/dayDetail,corp_scope,no-static-corp-scope,internal/server/server.go
dashboard,GET,/roomClockIn/dayDetail,response,no-static-response-fields,internal/server/server.go
dashboard,GET,/roomClockIn/index,corp_scope,no-static-corp-scope,internal/server/server.go
dashboard,GET,/roomClockIn/index,response,no-static-response-fields,internal/server/server.go
dashboard,GET,/roomClockIn/info,corp_scope,no-static-corp-scope,internal/server/server.go
dashboard,GET,/roomClockIn/info,response,no-static-response-fields,internal/server/server.go
dashboard,GET,/roomClockIn/show,corp_scope,no-static-corp-scope,internal/server/server.go
dashboard,GET,/roomClockIn/show,response,no-static-response-fields,internal/server/server.go
dashboard,GET,/roomClockIn/showContact,corp_scope,no-static-corp-scope,internal/server/server.go
dashboard,GET,/roomClockIn/showContact,response,no-static-response-fields,internal/server/server.go
dashboard,GET,/roomFission/index,corp_scope,no-static-corp-scope,internal/server/server.go
dashboard,GET,/roomFission/index,response,no-static-response-fields,internal/server/server.go
dashboard,GET,/roomFission/info,corp_scope,no-static-corp-scope,internal/server/server.go
dashboard,GET,/roomFission/show,corp_scope,no-static-corp-scope,internal/server/server.go
dashboard,GET,/roomFission/show,response,no-static-response-fields,internal/server/server.go
dashboard,GET,/roomFission/showContact,corp_scope,no-static-corp-scope,internal/server/server.go
dashboard,GET,/roomFission/showContact,response,no-static-response-fields,internal/server/server.go
dashboard,GET,/roomFission/showRoom,corp_scope,no-static-corp-scope,internal/server/server.go
dashboard,GET,/roomFission/showRoom,response,no-static-response-fields,internal/server/server.go
dashboard,GET,/roomFission/writeOff,corp_scope,no-static-corp-scope,internal/server/server.go
dashboard,GET,/roomFission/writeOff,response,no-static-response-fields,internal/server/server.go
dashboard,GET,/roomInfinitePull/index,corp_scope,no-static-corp-scope,internal/server/server.go
dashboard,GET,/roomInfinitePull/index,response,no-static-response-fields,internal/server/server.go
dashboard,GET,/roomInfinitePull/info,corp_scope,no-static-corp-scope,internal/server/server.go
dashboard,GET,/roomInfinitePull/info,response,no-static-response-fields,internal/server/server.go
dashboard,GET,/roomMessageBatchSend/index,corp_scope,no-static-corp-scope,git:3dcd216c188df34f2c3ed489b8e8b9473e635488:api-server/plugin/mochat/room-message-batch-send/src/Action/Dashboard/Index.php#L53
dashboard,GET,/roomMessageBatchSend/index,response,indirect-response-shape,git:3dcd216c188df34f2c3ed489b8e8b9473e635488:api-server/plugin/mochat/room-message-batch-send/src/Action/Dashboard/Index.php#L53
dashboard,GET,/roomQuality/contactDetail,corp_scope,no-static-corp-scope,internal/server/server.go
dashboard,GET,/roomQuality/contactDetail,response,no-static-response-fields,internal/server/server.go
dashboard,GET,/roomQuality/index,corp_scope,no-static-corp-scope,internal/server/server.go
dashboard,GET,/roomQuality/index,response,no-static-response-fields,internal/server/server.go
dashboard,GET,/roomQuality/info,corp_scope,no-static-corp-scope,internal/server/server.go
dashboard,GET,/roomQuality/info,response,no-static-response-fields,internal/server/server.go
dashboard,GET,/roomQuality/showContact,corp_scope,no-static-corp-scope,internal/server/server.go
dashboard,GET,/roomQuality/showContact,response,no-static-response-fields,internal/server/server.go
dashboard,GET,/roomRemind/index,corp_scope,no-static-corp-scope,internal/server/server.go
dashboard,GET,/roomRemind/index,response,no-static-response-fields,internal/server/server.go
dashboard,GET,/roomRemind/info,corp_scope,no-static-corp-scope,internal/server/server.go
dashboard,GET,/roomRemind/info,response,no-static-response-fields,internal/server/server.go
dashboard,GET,/roomRemind/status,corp_scope,no-static-corp-scope,internal/server/server.go
dashboard,GET,/roomRemind/status,response,no-static-response-fields,internal/server/server.go
dashboard,GET,/roomSop/index,corp_scope,no-static-corp-scope,internal/server/server.go
dashboard,GET,/roomSop/index,response,no-static-response-fields,internal/server/server.go
dashboard,GET,/roomSop/info,corp_scope,no-static-corp-scope,internal/server/server.go
dashboard,GET,/roomSop/info,response,no-static-response-fields,internal/server/server.go
dashboard,GET,/roomTagPull/chooseContact,response,indirect-response-shape,git:3dcd216c188df34f2c3ed489b8e8b9473e635488:api-server/plugin/mochat/room-tag-pull/src/Action/Dashboard/ChooseContact.php#L63
dashboard,GET,/roomTagPull/index,corp_scope,no-static-corp-scope,git:3dcd216c188df34f2c3ed489b8e8b9473e635488:api-server/plugin/mochat/room-tag-pull/src/Action/Dashboard/Index.php#L81
dashboard,GET,/roomTagPull/remindSend,response,indirect-response-shape,git:3dcd216c188df34f2c3ed489b8e8b9473e635488:api-server/plugin/mochat/room-tag-pull/src/Action/Dashboard/RemindSend.php#L102
dashboard,GET,/roomTagPull/roomList,response,indirect-response-shape,git:3dcd216c188df34f2c3ed489b8e8b9473e635488:api-server/plugin/mochat/room-tag-pull/src/Action/Dashboard/RoomList.php#L100
dashboard,GET,/roomTagPull/show,corp_scope,no-static-corp-scope,git:3dcd216c188df34f2c3ed489b8e8b9473e635488:api-server/plugin/mochat/room-tag-pull/src/Action/Dashboard/Show.php#L105
dashboard,GET,/roomTagPull/showContact,corp_scope,no-static-corp-scope,git:3dcd216c188df34f2c3ed489b8e8b9473e635488:api-server/plugin/mochat/room-tag-pull/src/Action/Dashboard/ShowContact.php#L112
dashboard,GET,/roomWelcome/show,corp_scope,no-static-corp-scope,git:3dcd216c188df34f2c3ed489b8e8b9473e635488:api-server/plugin/mochat/room-welcome/src/Action/Dashboard/Show.php#L50
dashboard,GET,/roomWelcome/show,response,indirect-response-shape,git:3dcd216c188df34f2c3ed489b8e8b9473e635488:api-server/plugin/mochat/room-welcome/src/Action/Dashboard/Show.php#L50
dashboard,GET,/sensitiveWord/index,corp_scope,no-static-corp-scope,internal/server/server.go
dashboard,GET,/sensitiveWord/index,response,no-static-response-fields,internal/server/server.go
dashboard,GET,/sensitiveWordGroup/select,corp_scope,no-static-corp-scope,internal/server/server.go
dashboard,GET,/sensitiveWordGroup/select,response,no-static-response-fields,internal/server/server.go
dashboard,GET,/sensitiveWordsMonitor/index,corp_scope,no-static-corp-scope,internal/server/server.go
dashboard,GET,/sensitiveWordsMonitor/index,response,no-static-response-fields,internal/server/server.go
dashboard,GET,/sensitiveWordsMonitor/show,corp_scope,no-static-corp-scope,internal/server/server.go
dashboard,GET,/sensitiveWordsMonitor/show,response,no-static-response-fields,internal/server/server.go
dashboard,GET,/shopCode/addressKeyWordList,corp_scope,no-static-corp-scope,internal/server/server.go
dashboard,GET,/shopCode/addressKeyWordList,response,no-static-response-fields,internal/server/server.go
dashboard,GET,/shopCode/index,corp_scope,no-static-corp-scope,internal/server/server.go
dashboard,GET,/shopCode/index,response,no-static-response-fields,internal/server/server.go
dashboard,GET,/shopCode/info,corp_scope,no-static-corp-scope,internal/server/server.go
dashboard,GET,/shopCode/info,response,no-static-response-fields,internal/server/server.go
dashboard,GET,/shopCode/location,corp_scope,no-static-corp-scope,internal/server/server.go
dashboard,GET,/shopCode/location,response,no-static-response-fields,internal/server/server.go
dashboard,GET,/shopCode/pageInfo,corp_scope,no-static-corp-scope,internal/server/server.go
dashboard,GET,/shopCode/pageInfo,response,no-static-response-fields,internal/server/server.go
dashboard,GET,/shopCode/searchCity,corp_scope,no-static-corp-scope,internal/server/server.go
dashboard,GET,/shopCode/searchCity,response,no-static-response-fields,internal/server/server.go
dashboard,GET,/shopCode/share,corp_scope,no-static-corp-scope,internal/server/server.go
dashboard,GET,/shopCode/share,response,no-static-response-fields,internal/server/server.go
dashboard,GET,/shopCode/show,corp_scope,no-static-corp-scope,internal/server/server.go
dashboard,GET,/shopCode/show,response,no-static-response-fields,internal/server/server.go
dashboard,GET,/shopCode/showContact,corp_scope,no-static-corp-scope,internal/server/server.go
dashboard,GET,/shopCode/showContact,response,no-static-response-fields,internal/server/server.go
dashboard,GET,/shopCode/showShop,corp_scope,no-static-corp-scope,internal/server/server.go
dashboard,GET,/shopCode/showShop,response,no-static-response-fields,internal/server/server.go
dashboard,GET,/statistic/employees,response,indirect-response-shape,git:3dcd216c188df34f2c3ed489b8e8b9473e635488:api-server/plugin/mochat/statistic/src/Action/Dashboard/Employees.php#L65
dashboard,GET,/statistic/index,corp_scope,no-static-corp-scope,git:3dcd216c188df34f2c3ed489b8e8b9473e635488:api-server/plugin/mochat/statistic/src/Action/Dashboard/Index.php#L52
dashboard,GET,/statistic/topList,corp_scope,no-static-corp-scope,git:3dcd216c188df34f2c3ed489b8e8b9473e635488:api-server/plugin/mochat/statistic/src/Action/Dashboard/TopList.php#L53
dashboard,GET,/Task/AutoTag/KeyWordTag,corp_scope,no-static-corp-scope,internal/server/server.go
dashboard,GET,/Task/AutoTag/KeyWordTag,response,no-static-response-fields,internal/server/server.go
dashboard,GET,/task/roomRemind,corp_scope,no-static-corp-scope,internal/server/server.go
dashboard,GET,/task/roomRemind,response,no-static-response-fields,internal/server/server.go
dashboard,GET,/user/index,corp_scope,no-static-corp-scope,git:3dcd216c188df34f2c3ed489b8e8b9473e635488:api-server/app/core/user/src/Action/Dashboard/Index.php#L41
dashboard,GET,/workContact/show,corp_scope,no-static-corp-scope,git:3dcd216c188df34f2c3ed489b8e8b9473e635488:api-server/app/core/work-contact/src/Action/Dashboard/Show.php#L45
dashboard,GET,/workContact/source,corp_scope,no-static-corp-scope,git:3dcd216c188df34f2c3ed489b8e8b9473e635488:api-server/app/core/work-contact/src/Action/Dashboard/Source.php#L32
dashboard,GET,/workContact/source,response,indirect-response-shape,git:3dcd216c188df34f2c3ed489b8e8b9473e635488:api-server/app/core/work-contact/src/Action/Dashboard/Source.php#L32
dashboard,GET,/workContact/track,corp_scope,no-static-corp-scope,git:3dcd216c188df34f2c3ed489b8e8b9473e635488:api-server/app/core/work-contact/src/Action/Dashboard/Track.php#L46
dashboard,GET,/workContact/track,response,indirect-response-shape,git:3dcd216c188df34f2c3ed489b8e8b9473e635488:api-server/app/core/work-contact/src/Action/Dashboard/Track.php#L46
dashboard,GET,/workContactRoom/index,corp_scope,no-static-corp-scope,git:3dcd216c188df34f2c3ed489b8e8b9473e635488:api-server/app/core/work-contact/src/Action/Dashboard/Room/Index.php#L41
dashboard,GET,/workContactTag/allTag,response,indirect-response-shape,git:3dcd216c188df34f2c3ed489b8e8b9473e635488:api-server/app/core/work-contact/src/Action/Dashboard/Tag/AllTag.php#L40
dashboard,GET,/workContactTag/contactTagList,response,indirect-response-shape,git:3dcd216c188df34f2c3ed489b8e8b9473e635488:api-server/app/core/work-contact/src/Action/Dashboard/Tag/ContactTagList.php#L62
dashboard,GET,/workContactTag/detail,corp_scope,no-static-corp-scope,git:3dcd216c188df34f2c3ed489b8e8b9473e635488:api-server/app/core/work-contact/src/Action/Dashboard/Tag/Detail.php#L43
dashboard,GET,/workContactTagGroup/detail,corp_scope,no-static-corp-scope,git:3dcd216c188df34f2c3ed489b8e8b9473e635488:api-server/app/core/work-contact/src/Action/Dashboard/TagGroup/Detail.php#L43
dashboard,GET,/workContactTagGroup/detail,response,indirect-response-shape,git:3dcd216c188df34f2c3ed489b8e8b9473e635488:api-server/app/core/work-contact/src/Action/Dashboard/TagGroup/Detail.php#L43
dashboard,GET,/workContactTagGroup/index,response,indirect-response-shape,git:3dcd216c188df34f2c3ed489b8e8b9473e635488:api-server/app/core/work-contact/src/Action/Dashboard/TagGroup/Index.php#L40
dashboard,GET,/workDepartment/memberIndex,corp_scope,no-static-corp-scope,internal/server/server.go
dashboard,GET,/workDepartment/memberIndex,response,no-static-response-fields,internal/server/server.go
dashboard,GET,/workDepartment/pageIndex,response,indirect-response-shape,git:3dcd216c188df34f2c3ed489b8e8b9473e635488:api-server/app/core/work-department/src/Action/Dashboard/PageIndex.php#L54
dashboard,GET,/workDepartment/selectByPhone,response,indirect-response-shape,git:3dcd216c188df34f2c3ed489b8e8b9473e635488:api-server/app/core/work-department/src/Action/Dashboard/SelectByPhone.php#L57
dashboard,GET,/workDepartment/showEmployee,response,indirect-response-shape,git:3dcd216c188df34f2c3ed489b8e8b9473e635488:api-server/app/core/work-department/src/Action/Dashboard/ShowEmployee.php#L54
dashboard,GET,/workEmployeeDepartment/memberIndex,corp_scope,no-static-corp-scope,git:3dcd216c188df34f2c3ed489b8e8b9473e635488:api-server/app/core/work-employee/src/Action/Dashboard/Department/MemberIndex.php#L61
dashboard,GET,/workEmployeeDepartment/memberIndex,response,indirect-response-shape,git:3dcd216c188df34f2c3ed489b8e8b9473e635488:api-server/app/core/work-employee/src/Action/Dashboard/Department/MemberIndex.php#L61
dashboard,GET,/workFission/chooseContact,response,indirect-response-shape,git:3dcd216c188df34f2c3ed489b8e8b9473e635488:api-server/plugin/mochat/work-fission/src/Action/Dashboard/ChooseContact.php#L76
dashboard,GET,/workFission/index,corp_scope,no-static-corp-scope,git:3dcd216c188df34f2c3ed489b8e8b9473e635488:api-server/plugin/mochat/work-fission/src/Action/Dashboard/Index.php#L50
dashboard,GET,/workFission/info,corp_scope,no-static-corp-scope,git:3dcd216c188df34f2c3ed489b8e8b9473e635488:api-server/plugin/mochat/work-fission/src/Action/Dashboard/Info.php#L93
dashboard,GET,/workFission/info,response,indirect-response-shape,git:3dcd216c188df34f2c3ed489b8e8b9473e635488:api-server/plugin/mochat/work-fission/src/Action/Dashboard/Info.php#L93
dashboard,GET,/workFission/show,corp_scope,no-static-corp-scope,git:3dcd216c188df34f2c3ed489b8e8b9473e635488:api-server/plugin/mochat/work-fission/src/Action/Dashboard/Show.php#L77
dashboard,GET,/workMessage/fromUsers,corp_scope,no-static-corp-scope,internal/server/server.go
dashboard,GET,/workMessage/fromUsers,response,no-static-response-fields,internal/server/server.go
dashboard,GET,/workMessage/index,corp_scope,no-static-corp-scope,internal/server/server.go
dashboard,GET,/workMessage/toUsers,corp_scope,no-static-corp-scope,internal/server/server.go
dashboard,GET,/workMessage/toUsers,response,no-static-response-fields,internal/server/server.go
dashboard,GET,/workMessageConfig/corpIndex,corp_scope,no-static-corp-scope,internal/server/server.go
dashboard,GET,/workMessageConfig/corpIndex,response,no-static-response-fields,internal/server/server.go
dashboard,GET,/workMessageConfig/corpShow,corp_scope,no-static-corp-scope,internal/server/server.go
dashboard,GET,/workMessageConfig/corpShow,response,no-static-response-fields,internal/server/server.go
dashboard,GET,/workMessageConfig/stepCreate,corp_scope,no-static-corp-scope,internal/server/server.go
dashboard,GET,/workMessageConfig/stepCreate,response,no-static-response-fields,internal/server/server.go
dashboard,GET,/workRoom/index,corp_scope,no-static-corp-scope,git:3dcd216c188df34f2c3ed489b8e8b9473e635488:api-server/app/core/work-room/src/Action/Dashboard/Index.php#L41
dashboard,GET,/workRoom/statistics,corp_scope,no-static-corp-scope,git:3dcd216c188df34f2c3ed489b8e8b9473e635488:api-server/app/core/work-room/src/Action/Dashboard/Statistics.php#L51
dashboard,GET,/workRoom/statisticsIndex,corp_scope,no-static-corp-scope,git:3dcd216c188df34f2c3ed489b8e8b9473e635488:api-server/app/core/work-room/src/Action/Dashboard/StatisticsIndex.php#L51
dashboard,GET,/workRoom/statisticsIndex,response,indirect-response-shape,git:3dcd216c188df34f2c3ed489b8e8b9473e635488:api-server/app/core/work-room/src/Action/Dashboard/StatisticsIndex.php#L51
dashboard,GET,/workRoomAutoPull/index,corp_scope,no-static-corp-scope,git:3dcd216c188df34f2c3ed489b8e8b9473e635488:api-server/plugin/mochat/room-auto-pull/src/Action/Dashboard/Index.php#L41
dashboard,GET,/workRoomAutoPull/index,response,indirect-response-shape,git:3dcd216c188df34f2c3ed489b8e8b9473e635488:api-server/plugin/mochat/room-auto-pull/src/Action/Dashboard/Index.php#L41
dashboard,GET,/workRoomAutoPull/show,corp_scope,no-static-corp-scope,git:3dcd216c188df34f2c3ed489b8e8b9473e635488:api-server/plugin/mochat/room-auto-pull/src/Action/Dashboard/Show.php#L41
dashboard,GET,lottery/showContact,corp_scope,no-static-corp-scope,internal/server/server.go
dashboard,GET,lottery/showContact,response,no-static-response-fields,internal/server/server.go
dashboard,GET,menu/iconIndex,corp_scope,no-static-corp-scope,git:3dcd216c188df34f2c3ed489b8e8b9473e635488:api-server/app/core/rbac/src/Action/Dashboard/Menu/IconIndex.php#L43
dashboard,GET,menu/iconIndex,response,indirect-response-shape,git:3dcd216c188df34f2c3ed489b8e8b9473e635488:api-server/app/core/rbac/src/Action/Dashboard/Menu/IconIndex.php#L43
dashboard,GET,menu/index,corp_scope,no-static-corp-scope,git:3dcd216c188df34f2c3ed489b8e8b9473e635488:api-server/app/core/rbac/src/Action/Dashboard/Menu/Index.php#L45
dashboard,GET,menu/index,response,indirect-response-shape,git:3dcd216c188df34f2c3ed489b8e8b9473e635488:api-server/app/core/rbac/src/Action/Dashboard/Menu/Index.php#L45
dashboard,GET,menu/select,corp_scope,no-static-corp-scope,git:3dcd216c188df34f2c3ed489b8e8b9473e635488:api-server/app/core/rbac/src/Action/Dashboard/Menu/Select.php#L43
dashboard,GET,menu/select,response,indirect-response-shape,git:3dcd216c188df34f2c3ed489b8e8b9473e635488:api-server/app/core/rbac/src/Action/Dashboard/Menu/Select.php#L43
dashboard,GET,menu/show,corp_scope,no-static-corp-scope,git:3dcd216c188df34f2c3ed489b8e8b9473e635488:api-server/app/core/rbac/src/Action/Dashboard/Menu/Show.php#L46
dashboard,GET,menu/show,response,indirect-response-shape,git:3dcd216c188df34f2c3ed489b8e8b9473e635488:api-server/app/core/rbac/src/Action/Dashboard/Menu/Show.php#L46
dashboard,GET,roomMessageBatchSend/remind,corp_scope,no-static-corp-scope,git:3dcd216c188df34f2c3ed489b8e8b9473e635488:api-server/plugin/mochat/room-message-batch-send/src/Action/Dashboard/Remind.php#L43
dashboard,GET,roomMessageBatchSend/roomOwnerSendIndex,corp_scope,no-static-corp-scope,git:3dcd216c188df34f2c3ed489b8e8b9473e635488:api-server/plugin/mochat/room-message-batch-send/src/Action/Dashboard/RoomOwnerSendIndex.php#L43
dashboard,GET,roomMessageBatchSend/roomReceiveIndex,corp_scope,no-static-corp-scope,git:3dcd216c188df34f2c3ed489b8e8b9473e635488:api-server/plugin/mochat/room-message-batch-send/src/Action/Dashboard/RoomReceiveIndex.php#L43
dashboard,GET,roomMessageBatchSend/show,corp_scope,no-static-corp-scope,git:3dcd216c188df34f2c3ed489b8e8b9473e635488:api-server/plugin/mochat/room-message-batch-send/src/Action/Dashboard/Show.php#L43
dashboard,GET,roomMessageBatchSend/show,response,indirect-response-shape,git:3dcd216c188df34f2c3ed489b8e8b9473e635488:api-server/plugin/mochat/room-message-batch-send/src/Action/Dashboard/Show.php#L43
dashboard,GET,workContactTag/contactTagList,response,indirect-response-shape,git:3dcd216c188df34f2c3ed489b8e8b9473e635488:api-server/app/core/work-contact/src/Action/Dashboard/Tag/ContactTagList.php#L62
dashboard,GET,workMessage/index,corp_scope,no-static-corp-scope,internal/server/server.go
dashboard,GET,workRoomAutoPull/index,corp_scope,no-static-corp-scope,git:3dcd216c188df34f2c3ed489b8e8b9473e635488:api-server/plugin/mochat/room-auto-pull/src/Action/Dashboard/Index.php#L41
dashboard,GET,workRoomAutoPull/index,response,indirect-response-shape,git:3dcd216c188df34f2c3ed489b8e8b9473e635488:api-server/plugin/mochat/room-auto-pull/src/Action/Dashboard/Index.php#L41
dashboard,POST,/agent/store,response,indirect-response-shape,git:3dcd216c188df34f2c3ed489b8e8b9473e635488:api-server/app/core/work-agent/src/Action/Dashboard/Store.php#L50
dashboard,POST,/autoTag/store,corp_scope,no-static-corp-scope,internal/server/server.go
dashboard,POST,/autoTag/store,response,no-static-response-fields,internal/server/server.go
dashboard,POST,/channelCode/store,response,indirect-response-shape,git:3dcd216c188df34f2c3ed489b8e8b9473e635488:api-server/plugin/mochat/channel-code/src/Action/Dashboard/Store.php#L44
dashboard,POST,/channelCodeGroup/store,response,no-static-response-fields,git:3dcd216c188df34f2c3ed489b8e8b9473e635488:api-server/plugin/mochat/channel-code/src/Action/Dashboard/Group/Store.php#L45
dashboard,POST,/common/upload,corp_scope,no-static-corp-scope,git:3dcd216c188df34f2c3ed489b8e8b9473e635488:api-server/app/core/common/src/Action/Dashboard/Upload.php#L37
dashboard,POST,/contactBatchAdd/allot,corp_scope,no-static-corp-scope,internal/server/server.go
dashboard,POST,/contactBatchAdd/allot,response,no-static-response-fields,internal/server/server.go
dashboard,POST,/contactBatchAdd/importStore,corp_scope,no-static-corp-scope,internal/server/server.go
dashboard,POST,/contactBatchAdd/importStore,response,no-static-response-fields,internal/server/server.go
dashboard,POST,/contactBatchAdd/settingUpdate,corp_scope,no-static-corp-scope,internal/server/server.go
dashboard,POST,/contactBatchAdd/settingUpdate,response,no-static-response-fields,internal/server/server.go
dashboard,POST,/contactField/store,corp_scope,no-static-corp-scope,git:3dcd216c188df34f2c3ed489b8e8b9473e635488:api-server/app/core/work-contact/src/Action/Dashboard/Field/Store.php#L41
dashboard,POST,/contactMessageBatchSend/remind,corp_scope,no-static-corp-scope,git:3dcd216c188df34f2c3ed489b8e8b9473e635488:api-server/plugin/mochat/contact-message-batch-send/src/Action/Dashboard/Remind.php#L43
dashboard,POST,/contactMessageBatchSend/store,corp_scope,no-static-corp-scope,git:3dcd216c188df34f2c3ed489b8e8b9473e635488:api-server/plugin/mochat/contact-message-batch-send/src/Action/Dashboard/Store.php#L45
dashboard,POST,/contactSop/store,corp_scope,no-static-corp-scope,internal/server/server.go
dashboard,POST,/contactSop/store,response,no-static-response-fields,internal/server/server.go
dashboard,POST,/contactTransfer/index,response,indirect-response-shape,git:3dcd216c188df34f2c3ed489b8e8b9473e635488:api-server/plugin/mochat/contact-transfer/src/Action/Dashboard/Index.php#L53
dashboard,POST,/contactTransfer/room,response,indirect-response-shape,git:3dcd216c188df34f2c3ed489b8e8b9473e635488:api-server/plugin/mochat/contact-transfer/src/Action/Dashboard/TransferRoom.php#L74
dashboard,POST,/corp/bind,response,indirect-response-shape,git:3dcd216c188df34f2c3ed489b8e8b9473e635488:api-server/app/core/corp/src/Action/Dashboard/Bind.php#L46
dashboard,POST,/corp/store,corp_scope,no-static-corp-scope,git:3dcd216c188df34f2c3ed489b8e8b9473e635488:api-server/app/core/corp/src/Action/Dashboard/Store.php#L70
dashboard,POST,/mediumGroup/store,corp_scope,no-static-corp-scope,git:3dcd216c188df34f2c3ed489b8e8b9473e635488:api-server/app/core/medium/src/Action/Dashboard/Group/Store.php#L38
dashboard,POST,/radar/store,corp_scope,no-static-corp-scope,internal/server/server.go
dashboard,POST,/radar/store,response,no-static-response-fields,internal/server/server.go
dashboard,POST,/radar/storeChannel,corp_scope,no-static-corp-scope,internal/server/server.go
dashboard,POST,/radar/storeChannel,response,no-static-response-fields,internal/server/server.go
dashboard,POST,/radar/storeChannelLink,corp_scope,no-static-corp-scope,internal/server/server.go
dashboard,POST,/radar/storeChannelLink,response,no-static-response-fields,internal/server/server.go
dashboard,POST,/role/permissionStore,corp_scope,no-static-corp-scope,git:3dcd216c188df34f2c3ed489b8e8b9473e635488:api-server/app/core/rbac/src/Action/Dashboard/Role/PermissionStore.php#L35
dashboard,POST,/role/store,response,indirect-response-shape,git:3dcd216c188df34f2c3ed489b8e8b9473e635488:api-server/app/core/rbac/src/Action/Dashboard/Role/Store.php#L54
dashboard,POST,/roomCalendar/addRoom,corp_scope,no-static-corp-scope,internal/server/server.go
dashboard,POST,/roomCalendar/addRoom,response,no-static-response-fields,internal/server/server.go
dashboard,POST,/roomCalendar/store,corp_scope,no-static-corp-scope,internal/server/server.go
dashboard,POST,/roomCalendar/store,response,no-static-response-fields,internal/server/server.go
dashboard,POST,/roomClockIn/store,corp_scope,no-static-corp-scope,internal/server/server.go
dashboard,POST,/roomClockIn/store,response,no-static-response-fields,internal/server/server.go
dashboard,POST,/roomFission/invite,corp_scope,no-static-corp-scope,internal/server/server.go
dashboard,POST,/roomFission/invite,response,no-static-response-fields,internal/server/server.go
dashboard,POST,/roomFission/store,corp_scope,no-static-corp-scope,internal/server/server.go
dashboard,POST,/roomFission/store,response,no-static-response-fields,internal/server/server.go
dashboard,POST,/roomInfinitePull/store,corp_scope,no-static-corp-scope,internal/server/server.go
dashboard,POST,/roomInfinitePull/store,response,no-static-response-fields,internal/server/server.go
dashboard,POST,/roomMessageBatchSend/store,corp_scope,no-static-corp-scope,git:3dcd216c188df34f2c3ed489b8e8b9473e635488:api-server/plugin/mochat/room-message-batch-send/src/Action/Dashboard/Store.php#L47
dashboard,POST,/roomQuality/store,corp_scope,no-static-corp-scope,internal/server/server.go
dashboard,POST,/roomQuality/store,response,no-static-response-fields,internal/server/server.go
dashboard,POST,/roomRemind/store,corp_scope,no-static-corp-scope,internal/server/server.go
dashboard,POST,/roomRemind/store,response,no-static-response-fields,internal/server/server.go
dashboard,POST,/roomSop/store,corp_scope,no-static-corp-scope,internal/server/server.go
dashboard,POST,/roomSop/store,response,no-static-response-fields,internal/server/server.go
dashboard,POST,/roomTagPull/filterContact,response,no-static-response-fields,git:3dcd216c188df34f2c3ed489b8e8b9473e635488:api-server/plugin/mochat/room-tag-pull/src/Action/Dashboard/FilterContact.php#L72
dashboard,POST,/roomTagPull/store,response,indirect-response-shape,git:3dcd216c188df34f2c3ed489b8e8b9473e635488:api-server/plugin/mochat/room-tag-pull/src/Action/Dashboard/Store.php#L45
dashboard,POST,/roomWelcome/store,response,indirect-response-shape,git:3dcd216c188df34f2c3ed489b8e8b9473e635488:api-server/plugin/mochat/room-welcome/src/Action/Dashboard/Store.php#L47
dashboard,POST,/sensitiveWord/store,corp_scope,no-static-corp-scope,internal/server/server.go
dashboard,POST,/sensitiveWord/store,response,no-static-response-fields,internal/server/server.go
dashboard,POST,/sensitiveWordGroup/store,corp_scope,no-static-corp-scope,internal/server/server.go
dashboard,POST,/sensitiveWordGroup/store,response,no-static-response-fields,internal/server/server.go
dashboard,POST,/shopCode/pageSet,corp_scope,no-static-corp-scope,internal/server/server.go
dashboard,POST,/shopCode/pageSet,response,no-static-response-fields,internal/server/server.go
dashboard,POST,/shopCode/store,corp_scope,no-static-corp-scope,internal/server/server.go
dashboard,POST,/shopCode/store,response,no-static-response-fields,internal/server/server.go
dashboard,POST,/shopCode/updateEmployee,corp_scope,no-static-corp-scope,internal/server/server.go
dashboard,POST,/shopCode/updateEmployee,response,no-static-response-fields,internal/server/server.go
dashboard,POST,/shopCode/updateQrcode,corp_scope,no-static-corp-scope,internal/server/server.go
dashboard,POST,/shopCode/updateQrcode,response,no-static-response-fields,internal/server/server.go
dashboard,POST,/user/store,corp_scope,no-static-corp-scope,git:3dcd216c188df34f2c3ed489b8e8b9473e635488:api-server/app/core/user/src/Action/Dashboard/Store.php#L41
dashboard,POST,/user/store,response,indirect-response-shape,git:3dcd216c188df34f2c3ed489b8e8b9473e635488:api-server/app/core/user/src/Action/Dashboard/Store.php#L41
dashboard,POST,/workContact/batchLabeling,corp_scope,no-static-corp-scope,git:3dcd216c188df34f2c3ed489b8e8b9473e635488:api-server/app/core/work-contact/src/Action/Dashboard/BatchLabeling.php#L45
dashboard,POST,/workContact/batchLabeling,response,no-static-response-fields,git:3dcd216c188df34f2c3ed489b8e8b9473e635488:api-server/app/core/work-contact/src/Action/Dashboard/BatchLabeling.php#L45
dashboard,POST,/workContactTag/store,corp_scope,no-static-corp-scope,git:3dcd216c188df34f2c3ed489b8e8b9473e635488:api-server/app/core/work-contact/src/Action/Dashboard/Tag/Store.php#L43
dashboard,POST,/workContactTag/store,response,indirect-response-shape,git:3dcd216c188df34f2c3ed489b8e8b9473e635488:api-server/app/core/work-contact/src/Action/Dashboard/Tag/Store.php#L43
dashboard,POST,/workContactTagGroup/store,response,no-static-response-fields,git:3dcd216c188df34f2c3ed489b8e8b9473e635488:api-server/app/core/work-contact/src/Action/Dashboard/TagGroup/Store.php#L45
dashboard,POST,/workFission/invite,response,indirect-response-shape,git:3dcd216c188df34f2c3ed489b8e8b9473e635488:api-server/plugin/mochat/work-fission/src/Action/Dashboard/Invite.php#L85
dashboard,POST,/workFission/store,response,indirect-response-shape,git:3dcd216c188df34f2c3ed489b8e8b9473e635488:api-server/plugin/mochat/work-fission/src/Action/Dashboard/Store.php#L47
dashboard,POST,/workMessageConfig/corpStore,corp_scope,no-static-corp-scope,internal/server/server.go
dashboard,POST,/workMessageConfig/corpStore,response,no-static-response-fields,internal/server/server.go
dashboard,POST,/workRoomAutoPull/store,response,indirect-response-shape,git:3dcd216c188df34f2c3ed489b8e8b9473e635488:api-server/plugin/mochat/room-auto-pull/src/Action/Dashboard/Store.php#L41
dashboard,POST,lottery/store,corp_scope,no-static-corp-scope,internal/server/server.go
dashboard,POST,lottery/store,response,no-static-response-fields,internal/server/server.go
dashboard,POST,menu/store,corp_scope,no-static-corp-scope,git:3dcd216c188df34f2c3ed489b8e8b9473e635488:api-server/app/core/rbac/src/Action/Dashboard/Menu/Store.php#L47
dashboard,POST,menu/store,response,indirect-response-shape,git:3dcd216c188df34f2c3ed489b8e8b9473e635488:api-server/app/core/rbac/src/Action/Dashboard/Menu/Store.php#L47
dashboard,PUT,/autoTag/onOff,corp_scope,no-static-corp-scope,internal/server/server.go
dashboard,PUT,/autoTag/onOff,response,no-static-response-fields,internal/server/server.go
dashboard,PUT,/channelCode/update,response,indirect-response-shape,git:3dcd216c188df34f2c3ed489b8e8b9473e635488:api-server/plugin/mochat/channel-code/src/Action/Dashboard/Update.php#L54
dashboard,PUT,/channelCodeGroup/move,corp_scope,no-static-corp-scope,git:3dcd216c188df34f2c3ed489b8e8b9473e635488:api-server/plugin/mochat/channel-code/src/Action/Dashboard/Group/Move.php#L45
dashboard,PUT,/channelCodeGroup/move,response,no-static-response-fields,git:3dcd216c188df34f2c3ed489b8e8b9473e635488:api-server/plugin/mochat/channel-code/src/Action/Dashboard/Group/Move.php#L45
dashboard,PUT,/channelCodeGroup/update,corp_scope,no-static-corp-scope,git:3dcd216c188df34f2c3ed489b8e8b9473e635488:api-server/plugin/mochat/channel-code/src/Action/Dashboard/Group/Update.php#L45
dashboard,PUT,/channelCodeGroup/update,response,no-static-response-fields,git:3dcd216c188df34f2c3ed489b8e8b9473e635488:api-server/plugin/mochat/channel-code/src/Action/Dashboard/Group/Update.php#L45
dashboard,PUT,/contactField/batchUpdate,corp_scope,no-static-corp-scope,git:3dcd216c188df34f2c3ed489b8e8b9473e635488:api-server/app/core/work-contact/src/Action/Dashboard/Field/BatchUpdate.php#L48
dashboard,PUT,/contactField/statusUpdate,corp_scope,no-static-corp-scope,git:3dcd216c188df34f2c3ed489b8e8b9473e635488:api-server/app/core/work-contact/src/Action/Dashboard/Field/StatusUpdate.php#L40
dashboard,PUT,/contactField/update,corp_scope,no-static-corp-scope,git:3dcd216c188df34f2c3ed489b8e8b9473e635488:api-server/app/core/work-contact/src/Action/Dashboard/Field/Update.php#L49
dashboard,PUT,/contactFieldPivot/update,corp_scope,no-static-corp-scope,git:3dcd216c188df34f2c3ed489b8e8b9473e635488:api-server/app/core/work-contact/src/Action/Dashboard/FieldPivot/Update.php#L43
dashboard,PUT,/contactFieldPivot/update,response,indirect-response-shape,git:3dcd216c188df34f2c3ed489b8e8b9473e635488:api-server/app/core/work-contact/src/Action/Dashboard/FieldPivot/Update.php#L43
dashboard,PUT,/contactSop/setEmployee,corp_scope,no-static-corp-scope,internal/server/server.go
dashboard,PUT,/contactSop/setEmployee,response,no-static-response-fields,internal/server/server.go
dashboard,PUT,/contactSop/state,corp_scope,no-static-corp-scope,internal/server/server.go
dashboard,PUT,/contactSop/state,response,no-static-response-fields,internal/server/server.go
dashboard,PUT,/contactSop/update,corp_scope,no-static-corp-scope,internal/server/server.go
dashboard,PUT,/contactSop/update,response,no-static-response-fields,internal/server/server.go
dashboard,PUT,/lottery/batchContactTags,corp_scope,no-static-corp-scope,internal/server/server.go
dashboard,PUT,/lottery/batchContactTags,response,no-static-response-fields,internal/server/server.go
dashboard,PUT,/lottery/update,corp_scope,no-static-corp-scope,internal/server/server.go
dashboard,PUT,/lottery/update,response,no-static-response-fields,internal/server/server.go
dashboard,PUT,/medium/groupUpdate,corp_scope,no-static-corp-scope,git:3dcd216c188df34f2c3ed489b8e8b9473e635488:api-server/app/core/medium/src/Action/Dashboard/GroupUpdate.php#L40
dashboard,PUT,/medium/update,corp_scope,no-static-corp-scope,git:3dcd216c188df34f2c3ed489b8e8b9473e635488:api-server/app/core/medium/src/Action/Dashboard/Update.php#L40
dashboard,PUT,/mediumGroup/update,corp_scope,no-static-corp-scope,git:3dcd216c188df34f2c3ed489b8e8b9473e635488:api-server/app/core/medium/src/Action/Dashboard/Group/Update.php#L40
dashboard,PUT,/radar/update,corp_scope,no-static-corp-scope,internal/server/server.go
dashboard,PUT,/radar/update,response,no-static-response-fields,internal/server/server.go
dashboard,PUT,/role/statusUpdate,corp_scope,no-static-corp-scope,git:3dcd216c188df34f2c3ed489b8e8b9473e635488:api-server/app/core/rbac/src/Action/Dashboard/Role/StatusUpdate.php#L55
dashboard,PUT,/role/update,response,indirect-response-shape,git:3dcd216c188df34f2c3ed489b8e8b9473e635488:api-server/app/core/rbac/src/Action/Dashboard/Role/Update.php#L54
dashboard,PUT,/roomCalendar/update,corp_scope,no-static-corp-scope,internal/server/server.go
dashboard,PUT,/roomCalendar/update,response,no-static-response-fields,internal/server/server.go
dashboard,PUT,/roomClockIn/batchContactTags,corp_scope,no-static-corp-scope,internal/server/server.go
dashboard,PUT,/roomClockIn/batchContactTags,response,no-static-response-fields,internal/server/server.go
dashboard,PUT,/roomClockIn/update,corp_scope,no-static-corp-scope,internal/server/server.go
dashboard,PUT,/roomClockIn/update,response,no-static-response-fields,internal/server/server.go
dashboard,PUT,/roomFission/update,corp_scope,no-static-corp-scope,internal/server/server.go
dashboard,PUT,/roomFission/update,response,no-static-response-fields,internal/server/server.go
dashboard,PUT,/roomInfinitePull/update,corp_scope,no-static-corp-scope,internal/server/server.go
dashboard,PUT,/roomInfinitePull/update,response,no-static-response-fields,internal/server/server.go
dashboard,PUT,/roomQuality/status,corp_scope,no-static-corp-scope,internal/server/server.go
dashboard,PUT,/roomQuality/status,response,no-static-response-fields,internal/server/server.go
dashboard,PUT,/roomQuality/update,corp_scope,no-static-corp-scope,internal/server/server.go
dashboard,PUT,/roomQuality/update,response,no-static-response-fields,internal/server/server.go
dashboard,PUT,/roomRemind/update,corp_scope,no-static-corp-scope,internal/server/server.go
dashboard,PUT,/roomRemind/update,response,no-static-response-fields,internal/server/server.go
dashboard,PUT,/roomSop/setRoom,corp_scope,no-static-corp-scope,internal/server/server.go
dashboard,PUT,/roomSop/setRoom,response,no-static-response-fields,internal/server/server.go
dashboard,PUT,/roomSop/state,corp_scope,no-static-corp-scope,internal/server/server.go
dashboard,PUT,/roomSop/state,response,no-static-response-fields,internal/server/server.go
dashboard,PUT,/roomSop/update,corp_scope,no-static-corp-scope,internal/server/server.go
dashboard,PUT,/roomSop/update,response,no-static-response-fields,internal/server/server.go
dashboard,PUT,/roomWelcome/update,response,indirect-response-shape,git:3dcd216c188df34f2c3ed489b8e8b9473e635488:api-server/plugin/mochat/room-welcome/src/Action/Dashboard/Update.php#L47
dashboard,PUT,/sensitiveWord/move,corp_scope,no-static-corp-scope,internal/server/server.go
dashboard,PUT,/sensitiveWord/move,response,no-static-response-fields,internal/server/server.go
dashboard,PUT,/sensitiveWord/statusUpdate,corp_scope,no-static-corp-scope,internal/server/server.go
dashboard,PUT,/sensitiveWord/statusUpdate,response,no-static-response-fields,internal/server/server.go
dashboard,PUT,/sensitiveWordGroup/update,corp_scope,no-static-corp-scope,internal/server/server.go
dashboard,PUT,/sensitiveWordGroup/update,response,no-static-response-fields,internal/server/server.go
dashboard,PUT,/shopCode/batchContactTags,corp_scope,no-static-corp-scope,internal/server/server.go
dashboard,PUT,/shopCode/batchContactTags,response,no-static-response-fields,internal/server/server.go
dashboard,PUT,/shopCode/status,corp_scope,no-static-corp-scope,internal/server/server.go
dashboard,PUT,/shopCode/status,response,no-static-response-fields,internal/server/server.go
dashboard,PUT,/shopCode/update,corp_scope,no-static-corp-scope,internal/server/server.go
dashboard,PUT,/shopCode/update,response,no-static-response-fields,internal/server/server.go
dashboard,PUT,/user/logout,corp_scope,no-static-corp-scope,git:3dcd216c188df34f2c3ed489b8e8b9473e635488:api-server/app/core/user/src/Action/Dashboard/Logout.php#L41
dashboard,PUT,/user/passwordReset,corp_scope,no-static-corp-scope,git:3dcd216c188df34f2c3ed489b8e8b9473e635488:api-server/app/core/user/src/Action/Dashboard/PasswordReset.php#L60
dashboard,PUT,/user/passwordReset,response,indirect-response-shape,git:3dcd216c188df34f2c3ed489b8e8b9473e635488:api-server/app/core/user/src/Action/Dashboard/PasswordReset.php#L60
dashboard,PUT,/user/passwordUpdate,corp_scope,no-static-corp-scope,git:3dcd216c188df34f2c3ed489b8e8b9473e635488:api-server/app/core/user/src/Action/Dashboard/PasswordUpdate.php#L60
dashboard,PUT,/user/passwordUpdate,response,indirect-response-shape,git:3dcd216c188df34f2c3ed489b8e8b9473e635488:api-server/app/core/user/src/Action/Dashboard/PasswordUpdate.php#L60
dashboard,PUT,/user/statusUpdate,corp_scope,no-static-corp-scope,git:3dcd216c188df34f2c3ed489b8e8b9473e635488:api-server/app/core/user/src/Action/Dashboard/StatusUpdate.php#L53
dashboard,PUT,/user/statusUpdate,response,indirect-response-shape,git:3dcd216c188df34f2c3ed489b8e8b9473e635488:api-server/app/core/user/src/Action/Dashboard/StatusUpdate.php#L53
dashboard,PUT,/user/update,corp_scope,no-static-corp-scope,git:3dcd216c188df34f2c3ed489b8e8b9473e635488:api-server/app/core/user/src/Action/Dashboard/Update.php#L41
dashboard,PUT,/user/update,response,indirect-response-shape,git:3dcd216c188df34f2c3ed489b8e8b9473e635488:api-server/app/core/user/src/Action/Dashboard/Update.php#L41
dashboard,PUT,/workContact/synContact,response,no-static-response-fields,git:3dcd216c188df34f2c3ed489b8e8b9473e635488:api-server/app/core/work-contact/src/Action/Dashboard/SynContact.php#L58
dashboard,PUT,/workContact/update,corp_scope,no-static-corp-scope,git:3dcd216c188df34f2c3ed489b8e8b9473e635488:api-server/app/core/work-contact/src/Action/Dashboard/Update.php#L45
dashboard,PUT,/workContact/update,response,indirect-response-shape,git:3dcd216c188df34f2c3ed489b8e8b9473e635488:api-server/app/core/work-contact/src/Action/Dashboard/Update.php#L45
dashboard,PUT,/workContactTag/move,corp_scope,no-static-corp-scope,git:3dcd216c188df34f2c3ed489b8e8b9473e635488:api-server/app/core/work-contact/src/Action/Dashboard/Tag/Move.php#L43
dashboard,PUT,/workContactTag/move,response,indirect-response-shape,git:3dcd216c188df34f2c3ed489b8e8b9473e635488:api-server/app/core/work-contact/src/Action/Dashboard/Tag/Move.php#L43
dashboard,PUT,/workContactTag/synContactTag,response,no-static-response-fields,git:3dcd216c188df34f2c3ed489b8e8b9473e635488:api-server/app/core/work-contact/src/Action/Dashboard/Tag/SynContactTag.php#L42
dashboard,PUT,/workContactTag/update,corp_scope,no-static-corp-scope,git:3dcd216c188df34f2c3ed489b8e8b9473e635488:api-server/app/core/work-contact/src/Action/Dashboard/Tag/Update.php#L43
dashboard,PUT,/workContactTag/update,response,indirect-response-shape,git:3dcd216c188df34f2c3ed489b8e8b9473e635488:api-server/app/core/work-contact/src/Action/Dashboard/Tag/Update.php#L43
dashboard,PUT,/workContactTagGroup/update,corp_scope,no-static-corp-scope,git:3dcd216c188df34f2c3ed489b8e8b9473e635488:api-server/app/core/work-contact/src/Action/Dashboard/TagGroup/Update.php#L45
dashboard,PUT,/workContactTagGroup/update,response,no-static-response-fields,git:3dcd216c188df34f2c3ed489b8e8b9473e635488:api-server/app/core/work-contact/src/Action/Dashboard/TagGroup/Update.php#L45
dashboard,PUT,/workEmployee/synEmployee,response,no-static-response-fields,git:3dcd216c188df34f2c3ed489b8e8b9473e635488:api-server/app/core/work-employee/src/Action/Dashboard/SyncEmployee.php#L36
dashboard,PUT,/workFission/update,response,indirect-response-shape,git:3dcd216c188df34f2c3ed489b8e8b9473e635488:api-server/plugin/mochat/work-fission/src/Action/Dashboard/Update.php#L47
dashboard,PUT,/workMessageConfig/stepUpdate,corp_scope,no-static-corp-scope,internal/server/server.go
dashboard,PUT,/workMessageConfig/stepUpdate,response,no-static-response-fields,internal/server/server.go
dashboard,PUT,/workRoomAutoPull/move,corp_scope,no-static-corp-scope,internal/server/server.go
dashboard,PUT,/workRoomAutoPull/move,response,no-static-response-fields,internal/server/server.go
dashboard,PUT,/workRoomAutoPull/update,corp_scope,no-static-corp-scope,git:3dcd216c188df34f2c3ed489b8e8b9473e635488:api-server/plugin/mochat/room-auto-pull/src/Action/Dashboard/Update.php#L41
dashboard,PUT,/workRoomAutoPull/update,response,indirect-response-shape,git:3dcd216c188df34f2c3ed489b8e8b9473e635488:api-server/plugin/mochat/room-auto-pull/src/Action/Dashboard/Update.php#L41
dashboard,PUT,/workRoomGroup/update,corp_scope,no-static-corp-scope,git:3dcd216c188df34f2c3ed489b8e8b9473e635488:api-server/app/core/work-room/src/Action/Dashboard/Group/Update.php#L52
dashboard,PUT,menu/statusUpdate,corp_scope,no-static-corp-scope,git:3dcd216c188df34f2c3ed489b8e8b9473e635488:api-server/app/core/rbac/src/Action/Dashboard/Menu/StatusUpdate.php#L55
dashboard,PUT,menu/statusUpdate,response,indirect-response-shape,git:3dcd216c188df34f2c3ed489b8e8b9473e635488:api-server/app/core/rbac/src/Action/Dashboard/Menu/StatusUpdate.php#L55
dashboard,PUT,menu/update,corp_scope,no-static-corp-scope,git:3dcd216c188df34f2c3ed489b8e8b9473e635488:api-server/app/core/rbac/src/Action/Dashboard/Menu/Update.php#L45
dashboard,PUT,menu/update,response,indirect-response-shape,git:3dcd216c188df34f2c3ed489b8e8b9473e635488:api-server/app/core/rbac/src/Action/Dashboard/Menu/Update.php#L45
operation,GET,/officialAccount/openUserInfo,response,no-static-response-fields,web/legacy/operation/src/api/user.js
operation,GET,/roomClockIn/clockInRanking,response,no-static-response-fields,internal/server/server.go
operation,GET,/roomClockIn/contactData,response,no-static-response-fields,internal/server/server.go
operation,GET,/roomFission/inviteFriends,response,no-static-response-fields,internal/server/server.go
operation,GET,/roomInfinitePull/qrCode,response,no-static-response-fields,internal/server/server.go
operation,GET,/shopCode/weChatSdkConfig,response,no-static-response-fields,internal/server/server.go
operation,GET,/workFission/inviteFriends,response,indirect-response-shape,git:3dcd216c188df34f2c3ed489b8e8b9473e635488:api-server/plugin/mochat/work-fission/src/Action/Operation/InviteFriends.php#L73
operation,GET,/workFission/receive,response,no-static-response-fields,internal/server/server.go
operation,GET,/workFission/taskData,response,indirect-response-shape,git:3dcd216c188df34f2c3ed489b8e8b9473e635488:api-server/plugin/mochat/work-fission/src/Action/Operation/TaskData.php#L81
operation,PUT,/lottery/receive,response,no-static-response-fields,internal/server/server.go
operation,PUT,/roomClockIn/contactClockIn,response,no-static-response-fields,internal/server/server.go
operation,PUT,/roomClockIn/receive,response,no-static-response-fields,internal/server/server.go
sidebar,GET,/agent/jssdkConfig,response,indirect-response-shape,git:3dcd216c188df34f2c3ed489b8e8b9473e635488:api-server/app/core/work-agent/src/Action/Sidebar/JssdkConfig.php#L80
sidebar,GET,/agent/oauth,response,indirect-response-shape,git:3dcd216c188df34f2c3ed489b8e8b9473e635488:api-server/app/core/work-agent/src/Action/Sidebar/OAuth.php#L72
sidebar,GET,/contactBatchAdd/detail,corp_scope,no-static-corp-scope,internal/server/server.go
sidebar,GET,/contactFieldPivot/index,corp_scope,no-static-corp-scope,git:3dcd216c188df34f2c3ed489b8e8b9473e635488:api-server/app/core/work-contact/src/Action/Sidebar/FieldPivot/Index.php#L52
sidebar,GET,/contactFieldPivot/index,response,indirect-response-shape,git:3dcd216c188df34f2c3ed489b8e8b9473e635488:api-server/app/core/work-contact/src/Action/Sidebar/FieldPivot/Index.php#L52
sidebar,GET,/contactSop/getSopInfo,corp_scope,no-static-corp-scope,internal/server/server.go
sidebar,GET,/contactSop/getSopInfo,response,no-static-response-fields,internal/server/server.go
sidebar,GET,/contactSop/getSopTipInfo,corp_scope,no-static-corp-scope,internal/server/server.go
sidebar,GET,/contactSop/getSopTipInfo,response,no-static-response-fields,internal/server/server.go
sidebar,GET,/mediumGroup/index,response,indirect-response-shape,git:3dcd216c188df34f2c3ed489b8e8b9473e635488:api-server/app/core/medium/src/Action/Sidebar/Group/Index.php#L31
sidebar,GET,/roomCalendar/index,corp_scope,no-static-corp-scope,web/legacy/sidebar/src/api/roomCalendar.js
sidebar,GET,/roomCalendar/index,response,no-static-response-fields,web/legacy/sidebar/src/api/roomCalendar.js
sidebar,GET,/roomCalendar/setRoom,corp_scope,no-static-corp-scope,web/legacy/sidebar/src/api/roomCalendar.js
sidebar,GET,/roomCalendar/setRoom,response,no-static-response-fields,web/legacy/sidebar/src/api/roomCalendar.js
sidebar,GET,/roomQuality/deleteRoom,corp_scope,no-static-corp-scope,web/legacy/sidebar/src/api/roomQuality.js
sidebar,GET,/roomQuality/deleteRoom,response,no-static-response-fields,web/legacy/sidebar/src/api/roomQuality.js
sidebar,GET,/roomQuality/index,corp_scope,no-static-corp-scope,web/legacy/sidebar/src/api/roomQuality.js
sidebar,GET,/roomQuality/setRoom,corp_scope,no-static-corp-scope,web/legacy/sidebar/src/api/roomQuality.js
sidebar,GET,/roomQuality/setRoom,response,no-static-response-fields,web/legacy/sidebar/src/api/roomQuality.js
sidebar,GET,/roomSop/getSopInfo,corp_scope,no-static-corp-scope,internal/server/server.go
sidebar,GET,/roomSop/getSopInfo,response,no-static-response-fields,internal/server/server.go
sidebar,GET,/roomSop/tipSopAddRoom,corp_scope,no-static-corp-scope,web/legacy/sidebar/src/api/roomSop.js
sidebar,GET,/roomSop/tipSopAddRoom,response,no-static-response-fields,web/legacy/sidebar/src/api/roomSop.js
sidebar,GET,/roomSop/tipSopDelRoom,corp_scope,no-static-corp-scope,web/legacy/sidebar/src/api/roomSop.js
sidebar,GET,/roomSop/tipSopDelRoom,response,no-static-response-fields,web/legacy/sidebar/src/api/roomSop.js
sidebar,GET,/roomSop/tipSopList,corp_scope,no-static-corp-scope,web/legacy/sidebar/src/api/roomSop.js
sidebar,GET,/roomSop/tipSopList,response,no-static-response-fields,web/legacy/sidebar/src/api/roomSop.js
sidebar,GET,/workContact/detail,corp_scope,no-static-corp-scope,git:3dcd216c188df34f2c3ed489b8e8b9473e635488:api-server/app/core/work-contact/src/Action/Sidebar/Detail.php#L33
sidebar,GET,/workContact/show,corp_scope,no-static-corp-scope,git:3dcd216c188df34f2c3ed489b8e8b9473e635488:api-server/app/core/work-contact/src/Action/Sidebar/Show.php#L43
sidebar,GET,/workContact/track,corp_scope,no-static-corp-scope,git:3dcd216c188df34f2c3ed489b8e8b9473e635488:api-server/app/core/work-contact/src/Action/Sidebar/Track.php#L44
sidebar,GET,/workContact/track,response,indirect-response-shape,git:3dcd216c188df34f2c3ed489b8e8b9473e635488:api-server/app/core/work-contact/src/Action/Sidebar/Track.php#L44
sidebar,GET,/workContactTag/allTag,response,indirect-response-shape,git:3dcd216c188df34f2c3ed489b8e8b9473e635488:api-server/app/core/work-contact/src/Action/Sidebar/Tag/AllTag.php#L40
sidebar,GET,/workContactTagGroup/index,response,indirect-response-shape,git:3dcd216c188df34f2c3ed489b8e8b9473e635488:api-server/app/core/work-contact/src/Action/Sidebar/TagGroup/Index.php#L40
sidebar,GET,/wxJsSdk/config,response,indirect-response-shape,git:3dcd216c188df34f2c3ed489b8e8b9473e635488:api-server/app/core/common/src/Action/Sidebar/WxJSSDK/Config.php#L73
sidebar,POST,/common/upload,corp_scope,no-static-corp-scope,git:3dcd216c188df34f2c3ed489b8e8b9473e635488:api-server/app/core/common/src/Action/Sidebar/Upload.php#L33
sidebar,PUT,/contactFieldPivot/update,corp_scope,no-static-corp-scope,git:3dcd216c188df34f2c3ed489b8e8b9473e635488:api-server/app/core/work-contact/src/Action/Sidebar/FieldPivot/Update.php#L43
sidebar,PUT,/contactFieldPivot/update,response,indirect-response-shape,git:3dcd216c188df34f2c3ed489b8e8b9473e635488:api-server/app/core/work-contact/src/Action/Sidebar/FieldPivot/Update.php#L43
sidebar,PUT,/roomSop/logState,corp_scope,no-static-corp-scope,internal/server/server.go
sidebar,PUT,/roomSop/logState,response,no-static-response-fields,internal/server/server.go
sidebar,PUT,/roomSop/setRoom,corp_scope,no-static-corp-scope,web/legacy/sidebar/src/api/roomSop.js
sidebar,PUT,/roomSop/setRoom,response,no-static-response-fields,web/legacy/sidebar/src/api/roomSop.js
sidebar,PUT,/workContact/update,corp_scope,no-static-corp-scope,git:3dcd216c188df34f2c3ed489b8e8b9473e635488:api-server/app/core/work-contact/src/Action/Sidebar/Update.php#L43
sidebar,PUT,/workContact/update,response,indirect-response-shape,git:3dcd216c188df34f2c3ed489b8e8b9473e635488:api-server/app/core/work-contact/src/Action/Sidebar/Update.php#L43
