app,method,path,source_file,request_fields,response_fields,auth,corp_scope,go_evidence
dashboard,DELETE,/autoTag/destroy,web/legacy/dashboard/src/api/autoTag.js,data:id,response.data,ACCESS_TOKEN,/dashboard,internal/server/server.go
dashboard,DELETE,/contactBatchAdd/destroy,web/legacy/dashboard/src/api/contactBatchAdd.js,data:blocked[no-callsite],response.data,ACCESS_TOKEN,/dashboard,internal/server/server.go
dashboard,DELETE,/contactBatchAdd/importDestroy,web/legacy/dashboard/src/api/contactBatchAdd.js,data:blocked[no-callsite],response.data,ACCESS_TOKEN,/dashboard,internal/server/server.go
dashboard,DELETE,/contactField/destroy,web/legacy/dashboard/src/api/contactField.js,data:id,response.data,ACCESS_TOKEN,/dashboard,internal/server/server.go
dashboard,DELETE,/contactMessageBatchSend/destroy,web/legacy/dashboard/src/api/contactMessageBatchSend.js,data:batchId,response.data,ACCESS_TOKEN,/dashboard,internal/server/server.go
dashboard,DELETE,/contactSop/destroy,web/legacy/dashboard/src/api/contactSop.js,data:blocked[no-callsite],response.data,ACCESS_TOKEN,/dashboard,internal/server/server.go
dashboard,DELETE,/greeting/destroy,web/legacy/dashboard/src/api/greeting.js,data:greetingId,response.data,ACCESS_TOKEN,/dashboard,internal/server/server.go
dashboard,DELETE,/lottery/destroy,web/legacy/dashboard/src/api/lottery.js,data:blocked[no-callsite],response.data,ACCESS_TOKEN,/dashboard,internal/server/server.go
dashboard,DELETE,/medium/destroy,web/legacy/dashboard/src/api/mediumGroup.js,data:id,response.data,ACCESS_TOKEN,/dashboard,internal/server/server.go
dashboard,DELETE,/mediumGroup/destroy,web/legacy/dashboard/src/api/mediumGroup.js,data:id,response.data,ACCESS_TOKEN,/dashboard,internal/server/server.go
dashboard,DELETE,/radar/destroy,web/legacy/dashboard/src/api/radar.js,data:blocked[no-callsite],response.data,ACCESS_TOKEN,/dashboard,internal/server/server.go
dashboard,DELETE,/role/destroy,web/legacy/dashboard/src/api/role.js,data:roleId,response.data,ACCESS_TOKEN,/dashboard,internal/server/server.go
dashboard,DELETE,/roomCalendar/destroy,web/legacy/dashboard/src/api/roomCalendar.js,data:blocked[no-callsite],response.data,ACCESS_TOKEN,/dashboard,internal/server/server.go
dashboard,DELETE,/roomCalendar/destroyRoom,web/legacy/dashboard/src/api/roomCalendar.js,data:chatid;id,response.data,ACCESS_TOKEN,/dashboard,internal/server/server.go
dashboard,DELETE,/roomClockIn/destroy,web/legacy/dashboard/src/api/roomClockIn.js,data:blocked[no-callsite],response.data,ACCESS_TOKEN,/dashboard,internal/server/server.go
dashboard,DELETE,/roomFission/destroy,web/legacy/dashboard/src/api/roomFission.js,data:blocked[no-callsite],response.data,ACCESS_TOKEN,/dashboard,internal/server/server.go
dashboard,DELETE,/roomInfinitePull/destroy,web/legacy/dashboard/src/api/roomInfinitePull.js,data:blocked[no-callsite],response.data,ACCESS_TOKEN,/dashboard,internal/server/server.go
dashboard,DELETE,/roomMessageBatchSend/destroy,web/legacy/dashboard/src/api/roomMessageBatchSend.js,data:batchId,response.data,ACCESS_TOKEN,/dashboard,internal/server/server.go
dashboard,DELETE,/roomQuality/destroy,web/legacy/dashboard/src/api/roomQuality.js,data:blocked[no-callsite],response.data,ACCESS_TOKEN,/dashboard,internal/server/server.go
dashboard,DELETE,/roomRemind/destroy,web/legacy/dashboard/src/api/roomRemind.js,data:blocked[no-callsite],response.data,ACCESS_TOKEN,/dashboard,internal/server/server.go
dashboard,DELETE,/roomSop/destroy,web/legacy/dashboard/src/api/roomSop.js,data:blocked[no-callsite],response.data,ACCESS_TOKEN,/dashboard,internal/server/server.go
dashboard,DELETE,/roomTagPull/destroy,web/legacy/dashboard/src/api/workRoom.js,data:id,response.data,ACCESS_TOKEN,/dashboard,internal/server/server.go
dashboard,DELETE,/roomWelcome/destroy,web/legacy/dashboard/src/api/roomWelcome.js,data:id,response.data,ACCESS_TOKEN,/dashboard,internal/server/server.go
dashboard,DELETE,/sensitiveWord/destroy,web/legacy/dashboard/src/api/sensitiveWords.js,data:blocked[no-callsite],response.data,ACCESS_TOKEN,/dashboard,internal/server/server.go
dashboard,DELETE,/shopCode/destroy,web/legacy/dashboard/src/api/shopCode.js,data:blocked[no-callsite],response.data,ACCESS_TOKEN,/dashboard,internal/server/server.go
dashboard,DELETE,/workContactTag/destroy,web/legacy/dashboard/src/api/workContactTag.js,data:tagId,response.data,ACCESS_TOKEN,/dashboard,internal/server/server.go
dashboard,DELETE,/workContactTagGroup/destroy,web/legacy/dashboard/src/api/workContactTag.js,data:groupId,response.data,ACCESS_TOKEN,/dashboard,internal/server/server.go
dashboard,DELETE,/workFission/destroy,web/legacy/dashboard/src/api/workFission.js,data:id,response.data,ACCESS_TOKEN,/dashboard,internal/server/server.go
dashboard,DELETE,/workRoomGroup/destroy,web/legacy/dashboard/src/api/workRoom.js,data:workRoomGroupId,response.data,ACCESS_TOKEN,/dashboard,internal/server/server.go
dashboard,DELETE,menu/destroy,web/legacy/dashboard/src/api/menu.js,data:menuId,response.data,ACCESS_TOKEN,/dashboard,internal/server/server.go
dashboard,GET,/autoTag/index,web/legacy/dashboard/src/api/autoTag.js,params:name;tags;type,response.data,ACCESS_TOKEN,/dashboard,internal/server/server.go
dashboard,GET,/autoTag/show,web/legacy/dashboard/src/api/autoTag.js,params:id,response.data,ACCESS_TOKEN,/dashboard,internal/server/server.go
dashboard,GET,/autoTag/showContactKeyWord,web/legacy/dashboard/src/api/autoTag.js,params:contact_name;employee;end_time;id;page;perPage;start_time,response.data,ACCESS_TOKEN,/dashboard,internal/server/server.go
dashboard,GET,/autoTag/showContactRoom,web/legacy/dashboard/src/api/autoTag.js,params:contact_name;employee;end_time;id;join_scene;page;perPage;room_name;start_time,response.data,ACCESS_TOKEN,/dashboard,internal/server/server.go
dashboard,GET,/autoTag/showContactTime,web/legacy/dashboard/src/api/autoTag.js,params:contact_name;employee;end_time;id;page;perPage;start_time,response.data,ACCESS_TOKEN,/dashboard,internal/server/server.go
dashboard,GET,/channelCode/contact,web/legacy/dashboard/src/api/channelCode.js,params:channelCodeId;page;perPage,response.data,ACCESS_TOKEN,/dashboard,internal/server/server.go
dashboard,GET,/channelCode/index,web/legacy/dashboard/src/api/channelCode.js,params:groupId;name;page;perPage;type,response.data,ACCESS_TOKEN,/dashboard,internal/server/server.go
dashboard,GET,/channelCode/show,web/legacy/dashboard/src/api/channelCode.js,params:channelCodeId,response.data,ACCESS_TOKEN,/dashboard,internal/server/server.go
dashboard,GET,/channelCode/statistics,web/legacy/dashboard/src/api/channelCode.js,params:channelCodeId;endTime;startTime;type,response.data,ACCESS_TOKEN,/dashboard,internal/server/server.go
dashboard,GET,/channelCode/statisticsIndex,web/legacy/dashboard/src/api/channelCode.js,params:channelCodeId;endTime;page;perPage;startTime;type,response.data,ACCESS_TOKEN,/dashboard,internal/server/server.go
dashboard,GET,/channelCodeGroup/index,web/legacy/dashboard/src/api/channelCode.js,params:none,response.data,ACCESS_TOKEN,/dashboard,internal/server/server.go
dashboard,GET,/chatTool/config,web/legacy/dashboard/src/api/chatTool.js,params:none,response.data,ACCESS_TOKEN,/dashboard,internal/server/server.go
dashboard,GET,/clockIn/index,web/legacy/dashboard/src/api/liveCode.js,params:blocked[no-callsite],response.data,ACCESS_TOKEN,/dashboard,internal/server/server.go
dashboard,GET,/contactBatchAdd/dataStatistic,web/legacy/dashboard/src/api/contactBatchAdd.js,params:blocked[no-callsite],response.data,ACCESS_TOKEN,/dashboard,internal/server/server.go
dashboard,GET,/contactBatchAdd/importIndex,web/legacy/dashboard/src/api/contactBatchAdd.js,params:blocked[no-callsite],response.data,ACCESS_TOKEN,/dashboard,internal/server/server.go
dashboard,GET,/contactBatchAdd/index,web/legacy/dashboard/src/api/contactBatchAdd.js,params:blocked[no-callsite],response.data,ACCESS_TOKEN,/dashboard,internal/server/server.go
dashboard,GET,/contactBatchAdd/remind,web/legacy/dashboard/src/api/contactBatchAdd.js,params:blocked[no-callsite],response.data,ACCESS_TOKEN,/dashboard,internal/server/server.go
dashboard,GET,/contactBatchAdd/settingEdit,web/legacy/dashboard/src/api/contactBatchAdd.js,params:blocked[no-callsite],response.data,ACCESS_TOKEN,/dashboard,internal/server/server.go
dashboard,GET,/contactField/index,web/legacy/dashboard/src/api/contactField.js,params:page;perPage;status,response.data,ACCESS_TOKEN,/dashboard,internal/server/server.go
dashboard,GET,/contactField/portrait,web/legacy/dashboard/src/api/workContact.js,params:none,response.data,ACCESS_TOKEN,/dashboard,internal/server/server.go
dashboard,GET,/contactFieldPivot/index,web/legacy/dashboard/src/api/workContact.js,params:contactId,response.data,ACCESS_TOKEN,/dashboard,internal/server/server.go
dashboard,GET,/contactMessageBatchSend/contactReceiveIndex,web/legacy/dashboard/src/api/contactMessageBatchSend.js,params:batchId;keyWords;sendStatus,response.data,ACCESS_TOKEN,/dashboard,internal/server/server.go
dashboard,GET,/contactMessageBatchSend/employeeSendIndex,web/legacy/dashboard/src/api/contactMessageBatchSend.js,params:batchId;keyWords;sendStatus,response.data,ACCESS_TOKEN,/dashboard,internal/server/server.go
dashboard,GET,/contactMessageBatchSend/index,web/legacy/dashboard/src/api/contactMessageBatchSend.js,params:none,response.data,ACCESS_TOKEN,/dashboard,internal/server/server.go
dashboard,GET,/contactMessageBatchSend/messageShow,web/legacy/dashboard/src/api/contactMessageBatchSend.js,params:blocked[no-callsite],response.data,ACCESS_TOKEN,/dashboard,internal/server/server.go
dashboard,GET,/contactMessageBatchSend/show,web/legacy/dashboard/src/api/contactMessageBatchSend.js,params:batchId,response.data,ACCESS_TOKEN,/dashboard,internal/server/server.go
dashboard,GET,/contactMessageBatchSend/showRoom,web/legacy/dashboard/src/api/workRoom.js,params:workRoomId,response.data,ACCESS_TOKEN,/dashboard,internal/server/server.go
dashboard,GET,/contactSop/index,web/legacy/dashboard/src/api/contactSop.js,params:blocked[no-callsite],response.data,ACCESS_TOKEN,/dashboard,internal/server/server.go
dashboard,GET,/contactSop/info,web/legacy/dashboard/src/api/contactSop.js,params:blocked[no-callsite],response.data,ACCESS_TOKEN,/dashboard,internal/server/server.go
dashboard,GET,/contactTransfer/info,web/legacy/dashboard/src/api/contactTransfer.js,params:list;takeoverUserId;type,response.data,ACCESS_TOKEN,/dashboard,internal/server/server.go
dashboard,GET,/contactTransfer/log,web/legacy/dashboard/src/api/contactTransfer.js,params:createTimeEnd;createTimeStart;employeeId;mode;name;staffName,response.data,ACCESS_TOKEN,/dashboard,internal/server/server.go
dashboard,GET,/contactTransfer/room,web/legacy/dashboard/src/api/contactTransfer.js,params:list;takeoverUserId;type,response.data,ACCESS_TOKEN,/dashboard,internal/server/server.go
dashboard,GET,/contactTransfer/saveUnassignedList,web/legacy/dashboard/src/api/contactTransfer.js,params:blocked[no-callsite],response.data,ACCESS_TOKEN,/dashboard,internal/server/server.go
dashboard,GET,/contactTransfer/unassignedList,web/legacy/dashboard/src/api/contactTransfer.js,params:list;takeoverUserId;type,response.data,ACCESS_TOKEN,/dashboard,internal/server/server.go
dashboard,GET,/corp/index,web/legacy/dashboard/src/api/corp.js,params:corpName;page;perPage,response.data,ACCESS_TOKEN,/dashboard,internal/server/server.go
dashboard,GET,/corp/select,web/legacy/dashboard/src/api/login.js,params:none,response.data,ACCESS_TOKEN,/dashboard,internal/server/server.go
dashboard,GET,/corp/show,web/legacy/dashboard/src/api/corp.js,params:corpId,response.data,ACCESS_TOKEN,/dashboard,internal/server/server.go
dashboard,GET,/corpData/index,web/legacy/dashboard/src/api/corpData.js,params:none,response.data,ACCESS_TOKEN,/dashboard,internal/server/server.go
dashboard,GET,/corpData/lineChat,web/legacy/dashboard/src/api/corpData.js,params:none,response.data,ACCESS_TOKEN,/dashboard,internal/server/server.go
dashboard,GET,/external/tenantIndex,web/legacy/dashboard/src/api/corpData.js,params:domain,response.data,ACCESS_TOKEN,/dashboard,internal/server/server.go
dashboard,GET,/greeting/index,web/legacy/dashboard/src/api/greeting.js,params:page;perPage,response.data,ACCESS_TOKEN,/dashboard,internal/server/server.go
dashboard,GET,/greeting/show,web/legacy/dashboard/src/api/greeting.js,params:greetingId,response.data,ACCESS_TOKEN,/dashboard,internal/server/server.go
dashboard,GET,/lottery/index,web/legacy/dashboard/src/api/lottery.js,params:blocked[no-callsite],response.data,ACCESS_TOKEN,/dashboard,internal/server/server.go
dashboard,GET,/lottery/info,web/legacy/dashboard/src/api/lottery.js,params:blocked[no-callsite],response.data,ACCESS_TOKEN,/dashboard,internal/server/server.go
dashboard,GET,/lottery/share,web/legacy/dashboard/src/api/lottery.js,params:blocked[no-callsite],response.data,ACCESS_TOKEN,/dashboard,internal/server/server.go
dashboard,GET,/lottery/show,web/legacy/dashboard/src/api/lottery.js,params:blocked[no-callsite],response.data,ACCESS_TOKEN,/dashboard,internal/server/server.go
dashboard,GET,/lottery/writeOff,web/legacy/dashboard/src/api/lottery.js,params:blocked[no-callsite],response.data,ACCESS_TOKEN,/dashboard,internal/server/server.go
dashboard,GET,/medium/index,web/legacy/dashboard/src/api/mediumGroup.js,params:mediumGroupId;page;perPage;searchStr;searchValue;type,response.data,ACCESS_TOKEN,/dashboard,internal/server/server.go
dashboard,GET,/medium/show,web/legacy/dashboard/src/api/mediumGroup.js,params:id,response.data,ACCESS_TOKEN,/dashboard,internal/server/server.go
dashboard,GET,/mediumGroup/index,web/legacy/dashboard/src/api/mediumGroup.js,params:none,response.data,ACCESS_TOKEN,/dashboard,internal/server/server.go
dashboard,GET,/officialAccount/getPreAuthUrl,web/legacy/dashboard/src/api/officialAccount.js,params:none,response.data,ACCESS_TOKEN,/dashboard,internal/server/server.go
dashboard,GET,/officialAccount/index,web/legacy/dashboard/src/api/lottery.js,params:blocked[no-callsite],response.data,ACCESS_TOKEN,/dashboard,internal/server/server.go
dashboard,GET,/radar/index,web/legacy/dashboard/src/api/radar.js,params:blocked[no-callsite],response.data,ACCESS_TOKEN,/dashboard,internal/server/server.go
dashboard,GET,/radar/indexChannel,web/legacy/dashboard/src/api/radar.js,params:radar_id,response.data,ACCESS_TOKEN,/dashboard,internal/server/server.go
dashboard,GET,/radar/indexChannelLink,web/legacy/dashboard/src/api/radar.js,params:radar_id,response.data,ACCESS_TOKEN,/dashboard,internal/server/server.go
dashboard,GET,/radar/info,web/legacy/dashboard/src/api/radar.js,params:blocked[no-callsite],response.data,ACCESS_TOKEN,/dashboard,internal/server/server.go
dashboard,GET,/radar/radarArticle,web/legacy/dashboard/src/api/radar.js,params:blocked[no-callsite],response.data,ACCESS_TOKEN,/dashboard,internal/server/server.go
dashboard,GET,/radar/show,web/legacy/dashboard/src/api/radar.js,params:blocked[no-callsite],response.data,ACCESS_TOKEN,/dashboard,internal/server/server.go
dashboard,GET,/radar/showChannel,web/legacy/dashboard/src/api/radar.js,params:blocked[no-callsite],response.data,ACCESS_TOKEN,/dashboard,internal/server/server.go
dashboard,GET,/radar/showContact,web/legacy/dashboard/src/api/radar.js,params:channelId;radar_id;type,response.data,ACCESS_TOKEN,/dashboard,internal/server/server.go
dashboard,GET,/role/index,web/legacy/dashboard/src/api/role.js,params:name;page;perPage,response.data,ACCESS_TOKEN,/dashboard,internal/server/server.go
dashboard,GET,/role/permissionByUser,web/legacy/dashboard/src/api/login.js,data:none,response.data,ACCESS_TOKEN,/dashboard,internal/server/server.go
dashboard,GET,/role/permissionShow,web/legacy/dashboard/src/api/role.js,params:roleId,response.data,ACCESS_TOKEN,/dashboard,internal/server/server.go
dashboard,GET,/role/select,web/legacy/dashboard/src/api/user.js,params:none,response.data,ACCESS_TOKEN,/dashboard,internal/server/server.go
dashboard,GET,/role/show,web/legacy/dashboard/src/api/role.js,params:roleId,response.data,ACCESS_TOKEN,/dashboard,internal/server/server.go
dashboard,GET,/role/showEmployee,web/legacy/dashboard/src/api/role.js,params:page;perPage;roleId,response.data,ACCESS_TOKEN,/dashboard,internal/server/server.go
dashboard,GET,/roomCalendar/index,web/legacy/dashboard/src/api/roomCalendar.js,params:blocked[no-callsite],response.data,ACCESS_TOKEN,/dashboard,internal/server/server.go
dashboard,GET,/roomCalendar/show,web/legacy/dashboard/src/api/roomCalendar.js,params:blocked[no-callsite],response.data,ACCESS_TOKEN,/dashboard,internal/server/server.go
dashboard,GET,/roomClockIn/dayDetail,web/legacy/dashboard/src/api/roomClockIn.js,params:blocked[no-callsite],response.data,ACCESS_TOKEN,/dashboard,internal/server/server.go
dashboard,GET,/roomClockIn/index,web/legacy/dashboard/src/api/roomClockIn.js,params:blocked[no-callsite],response.data,ACCESS_TOKEN,/dashboard,internal/server/server.go
dashboard,GET,/roomClockIn/info,web/legacy/dashboard/src/api/roomClockIn.js,params:blocked[no-callsite],response.data,ACCESS_TOKEN,/dashboard,internal/server/server.go
dashboard,GET,/roomClockIn/show,web/legacy/dashboard/src/api/roomClockIn.js,params:blocked[no-callsite],response.data,ACCESS_TOKEN,/dashboard,internal/server/server.go
dashboard,GET,/roomClockIn/showContact,web/legacy/dashboard/src/api/roomClockIn.js,params:blocked[no-callsite],response.data,ACCESS_TOKEN,/dashboard,internal/server/server.go
dashboard,GET,/roomFission/index,web/legacy/dashboard/src/api/roomFission.js,params:blocked[no-callsite],response.data,ACCESS_TOKEN,/dashboard,internal/server/server.go
dashboard,GET,/roomFission/info,web/legacy/dashboard/src/api/roomFission.js,params:id,response.data,ACCESS_TOKEN,/dashboard,internal/server/server.go
dashboard,GET,/roomFission/show,web/legacy/dashboard/src/api/roomFission.js,params:blocked[no-callsite],response.data,ACCESS_TOKEN,/dashboard,internal/server/server.go
dashboard,GET,/roomFission/showContact,web/legacy/dashboard/src/api/roomFission.js,params:blocked[no-callsite],response.data,ACCESS_TOKEN,/dashboard,internal/server/server.go
dashboard,GET,/roomFission/showRoom,web/legacy/dashboard/src/api/roomFission.js,params:blocked[no-callsite],response.data,ACCESS_TOKEN,/dashboard,internal/server/server.go
dashboard,GET,/roomFission/writeOff,web/legacy/dashboard/src/api/roomFission.js,params:blocked[no-callsite],response.data,ACCESS_TOKEN,/dashboard,internal/server/server.go
dashboard,GET,/roomInfinitePull/index,web/legacy/dashboard/src/api/roomInfinitePull.js,params:blocked[no-callsite],response.data,ACCESS_TOKEN,/dashboard,internal/server/server.go
dashboard,GET,/roomInfinitePull/info,web/legacy/dashboard/src/api/roomInfinitePull.js,params:blocked[no-callsite],response.data,ACCESS_TOKEN,/dashboard,internal/server/server.go
dashboard,GET,/roomMessageBatchSend/index,web/legacy/dashboard/src/api/roomMessageBatchSend.js,params:batchTitle;page;perPage,response.data,ACCESS_TOKEN,/dashboard,internal/server/server.go
dashboard,GET,/roomQuality/contactDetail,web/legacy/dashboard/src/api/roomQuality.js,params:blocked[no-callsite],response.data,ACCESS_TOKEN,/dashboard,internal/server/server.go
dashboard,GET,/roomQuality/index,web/legacy/dashboard/src/api/roomQuality.js,params:blocked[no-callsite],response.data,ACCESS_TOKEN,/dashboard,internal/server/server.go
dashboard,GET,/roomQuality/info,web/legacy/dashboard/src/api/roomQuality.js,params:blocked[no-callsite],response.data,ACCESS_TOKEN,/dashboard,internal/server/server.go
dashboard,GET,/roomQuality/showContact,web/legacy/dashboard/src/api/roomQuality.js,params:blocked[no-callsite],response.data,ACCESS_TOKEN,/dashboard,internal/server/server.go
dashboard,GET,/roomRemind/index,web/legacy/dashboard/src/api/roomRemind.js,params:blocked[no-callsite],response.data,ACCESS_TOKEN,/dashboard,internal/server/server.go
dashboard,GET,/roomRemind/info,web/legacy/dashboard/src/api/roomRemind.js,params:blocked[no-callsite],response.data,ACCESS_TOKEN,/dashboard,internal/server/server.go
dashboard,GET,/roomRemind/status,web/legacy/dashboard/src/api/roomRemind.js,params:blocked[no-callsite],response.data,ACCESS_TOKEN,/dashboard,internal/server/server.go
dashboard,GET,/roomSop/index,web/legacy/dashboard/src/api/roomSop.js,params:blocked[no-callsite],response.data,ACCESS_TOKEN,/dashboard,internal/server/server.go
dashboard,GET,/roomSop/info,web/legacy/dashboard/src/api/roomSop.js,params:blocked[no-callsite],response.data,ACCESS_TOKEN,/dashboard,internal/server/server.go
dashboard,GET,/roomTagPull/chooseContact,web/legacy/dashboard/src/api/workRoom.js,params:employees;end_time;gender;is_all;start_time;tag_ids,response.data,ACCESS_TOKEN,/dashboard,internal/server/server.go
dashboard,GET,/roomTagPull/index,web/legacy/dashboard/src/api/workRoom.js,params:name,response.data,ACCESS_TOKEN,/dashboard,internal/server/server.go
dashboard,GET,/roomTagPull/remindSend,web/legacy/dashboard/src/api/workRoom.js,params:id,response.data,ACCESS_TOKEN,/dashboard,internal/server/server.go
dashboard,GET,/roomTagPull/roomList,web/legacy/dashboard/src/api/workRoom.js,params:page;perPage;roomGroupId,response.data,ACCESS_TOKEN,/dashboard,internal/server/server.go
dashboard,GET,/roomTagPull/show,web/legacy/dashboard/src/api/workRoom.js,params:id,response.data,ACCESS_TOKEN,/dashboard,internal/server/server.go
dashboard,GET,/roomTagPull/showContact,web/legacy/dashboard/src/api/workRoom.js,params:id;page;perPage;type;blocked[scalar-expression],response.data,ACCESS_TOKEN,/dashboard,internal/server/server.go
dashboard,GET,/roomWelcome/index,web/legacy/dashboard/src/api/roomWelcome.js,data:none,response.data,ACCESS_TOKEN,/dashboard,internal/server/server.go
dashboard,GET,/roomWelcome/show,web/legacy/dashboard/src/api/roomWelcome.js,params:id,response.data,ACCESS_TOKEN,/dashboard,internal/server/server.go
dashboard,GET,/sensitiveWord/index,web/legacy/dashboard/src/api/sensitiveWords.js,params:blocked[no-callsite],response.data,ACCESS_TOKEN,/dashboard,internal/server/server.go
dashboard,GET,/sensitiveWordGroup/select,web/legacy/dashboard/src/api/sensitiveWords.js,params:blocked[no-callsite],response.data,ACCESS_TOKEN,/dashboard,internal/server/server.go
dashboard,GET,/sensitiveWordsMonitor/index,web/legacy/dashboard/src/api/sensitiveWordsMonitor.js,params:blocked[no-callsite],response.data,ACCESS_TOKEN,/dashboard,internal/server/server.go
dashboard,GET,/sensitiveWordsMonitor/show,web/legacy/dashboard/src/api/sensitiveWordsMonitor.js,params:blocked[no-callsite],response.data,ACCESS_TOKEN,/dashboard,internal/server/server.go
dashboard,GET,/shopCode/addressKeyWordList,web/legacy/dashboard/src/api/shopCode.js,params:blocked[no-callsite],response.data,ACCESS_TOKEN,/dashboard,internal/server/server.go
dashboard,GET,/shopCode/index,web/legacy/dashboard/src/api/shopCode.js,params:blocked[no-callsite],response.data,ACCESS_TOKEN,/dashboard,internal/server/server.go
dashboard,GET,/shopCode/info,web/legacy/dashboard/src/api/shopCode.js,params:blocked[no-callsite],response.data,ACCESS_TOKEN,/dashboard,internal/server/server.go
dashboard,GET,/shopCode/location,web/legacy/dashboard/src/api/shopCode.js,params:blocked[no-callsite],response.data,ACCESS_TOKEN,/dashboard,internal/server/server.go
dashboard,GET,/shopCode/pageInfo,web/legacy/dashboard/src/api/shopCode.js,params:blocked[no-callsite],response.data,ACCESS_TOKEN,/dashboard,internal/server/server.go
dashboard,GET,/shopCode/searchCity,web/legacy/dashboard/src/api/shopCode.js,params:blocked[no-callsite],response.data,ACCESS_TOKEN,/dashboard,internal/server/server.go
dashboard,GET,/shopCode/share,web/legacy/dashboard/src/api/shopCode.js,params:blocked[no-callsite],response.data,ACCESS_TOKEN,/dashboard,internal/server/server.go
dashboard,GET,/shopCode/show,web/legacy/dashboard/src/api/shopCode.js,params:blocked[no-callsite],response.data,ACCESS_TOKEN,/dashboard,internal/server/server.go
dashboard,GET,/shopCode/showContact,web/legacy/dashboard/src/api/shopCode.js,params:blocked[no-callsite],response.data,ACCESS_TOKEN,/dashboard,internal/server/server.go
dashboard,GET,/shopCode/showShop,web/legacy/dashboard/src/api/shopCode.js,params:blocked[no-callsite],response.data,ACCESS_TOKEN,/dashboard,internal/server/server.go
dashboard,GET,/statistic/employeeCounts,web/legacy/dashboard/src/api/statistic.js,params:endTime;startTime,response.data,ACCESS_TOKEN,/dashboard,internal/server/server.go
dashboard,GET,/statistic/employees,web/legacy/dashboard/src/api/statistic.js,params:endTime;startTime,response.data,ACCESS_TOKEN,/dashboard,internal/server/server.go
dashboard,GET,/statistic/employeesTrend,web/legacy/dashboard/src/api/statistic.js,params:employees;endTime;mode;startTime,response.data,ACCESS_TOKEN,/dashboard,internal/server/server.go
dashboard,GET,/statistic/index,web/legacy/dashboard/src/api/statistic.js,params:employeeId;endTime;mode;startTime,response.data,ACCESS_TOKEN,/dashboard,internal/server/server.go
dashboard,GET,/statistic/topList,web/legacy/dashboard/src/api/statistic.js,params:none,response.data,ACCESS_TOKEN,/dashboard,internal/server/server.go
dashboard,GET,/Task/AutoTag/KeyWordTag,web/legacy/dashboard/src/api/autoTag.js,params:blocked[no-callsite],response.data,ACCESS_TOKEN,/dashboard,internal/server/server.go
dashboard,GET,/task/roomRemind,web/legacy/dashboard/src/api/roomRemind.js,params:blocked[no-callsite],response.data,ACCESS_TOKEN,/dashboard,internal/server/server.go
dashboard,GET,/user/index,web/legacy/dashboard/src/api/user.js,params:page;perPage;phone;status,response.data,ACCESS_TOKEN,/dashboard,internal/server/server.go
dashboard,GET,/user/loginShow,web/legacy/dashboard/src/api/login.js,params:none,response.data,ACCESS_TOKEN,/dashboard,internal/server/server.go
dashboard,GET,/user/show,web/legacy/dashboard/src/api/user.js,params:userId,response.data,ACCESS_TOKEN,/dashboard,internal/server/server.go
dashboard,GET,/workContact/index,web/legacy/dashboard/src/api/workContact.js,params:addWay;businessNo;employeeId;endTime;fieldId;fieldType;fieldValue;gender;groupNum;keyWords;page;perPage;remark;roomId;startTime,response.data,ACCESS_TOKEN,/dashboard,internal/server/server.go
dashboard,GET,/workContact/lossContact,web/legacy/dashboard/src/api/lossContact.js,params:employeeId;page;perPage,response.data,ACCESS_TOKEN,/dashboard,internal/server/server.go
dashboard,GET,/workContact/show,web/legacy/dashboard/src/api/workContact.js,params:contactId;employeeId,response.data,ACCESS_TOKEN,/dashboard,internal/server/server.go
dashboard,GET,/workContact/source,web/legacy/dashboard/src/api/workContact.js,params:none,response.data,ACCESS_TOKEN,/dashboard,internal/server/server.go
dashboard,GET,/workContact/track,web/legacy/dashboard/src/api/workContact.js,params:contactId,response.data,ACCESS_TOKEN,/dashboard,internal/server/server.go
dashboard,GET,/workContactRoom/index,web/legacy/dashboard/src/api/workRoom.js,params:endTime;name;page;perPage;roomGroupId;startTime;status;workRoomId;workRoomName;workRoomOwnerId;workRoomStatus,response.data,ACCESS_TOKEN,/dashboard,internal/server/server.go
dashboard,GET,/workContactTag/allTag,web/legacy/dashboard/src/api/workContact.js,params:groupId,response.data,ACCESS_TOKEN,/dashboard,internal/server/server.go
dashboard,GET,/workContactTag/contactTagList,web/legacy/dashboard/src/api/roomClockIn.js,params:name;page;perPage,response.data,ACCESS_TOKEN,/dashboard,internal/server/server.go
dashboard,GET,/workContactTag/detail,web/legacy/dashboard/src/api/workContactTag.js,params:tagId,response.data,ACCESS_TOKEN,/dashboard,internal/server/server.go
dashboard,GET,/workContactTag/index,web/legacy/dashboard/src/api/workContactTag.js,params:groupId;page;perPage,response.data,ACCESS_TOKEN,/dashboard,internal/server/server.go
dashboard,GET,/workContactTagGroup/detail,web/legacy/dashboard/src/api/workContactTag.js,params:blocked[no-callsite],response.data,ACCESS_TOKEN,/dashboard,internal/server/server.go
dashboard,GET,/workContactTagGroup/index,web/legacy/dashboard/src/api/workContactTag.js,params:none,response.data,ACCESS_TOKEN,/dashboard,internal/server/server.go
dashboard,GET,/workDepartment/index,web/legacy/dashboard/src/api/channelCode.js,params:searchKeyWords,response.data,ACCESS_TOKEN,/dashboard,internal/server/server.go
dashboard,GET,/workDepartment/memberIndex,web/legacy/dashboard/src/api/channelCode.js,params:blocked[no-callsite],response.data,ACCESS_TOKEN,/dashboard,internal/server/server.go
dashboard,GET,/workDepartment/pageIndex,web/legacy/dashboard/src/api/department.js,params:name;page;parentName;perPage,response.data,ACCESS_TOKEN,/dashboard,internal/server/server.go
dashboard,GET,/workDepartment/selectByPhone,web/legacy/dashboard/src/api/user.js,params:phone,response.data,ACCESS_TOKEN,/dashboard,internal/server/server.go
dashboard,GET,/workDepartment/showEmployee,web/legacy/dashboard/src/api/department.js,params:departmentId;page;perPage,response.data,ACCESS_TOKEN,/dashboard,internal/server/server.go
dashboard,GET,/workEmployee/index,web/legacy/dashboard/src/api/workEmployee.js,params:contactAuth;name;page;perPage;status,response.data,ACCESS_TOKEN,/dashboard,internal/server/server.go
dashboard,GET,/workEmployee/searchCondition,web/legacy/dashboard/src/api/workEmployee.js,data:none,response.data,ACCESS_TOKEN,/dashboard,internal/server/server.go
dashboard,GET,/workEmployeeDepartment/memberIndex,web/legacy/dashboard/src/api/workRoom.js,params:departmentIds,response.data,ACCESS_TOKEN,/dashboard,internal/server/server.go
dashboard,GET,/workFission/chooseContact,web/legacy/dashboard/src/api/workFission.js,params:blocked[no-callsite],response.data,ACCESS_TOKEN,/dashboard,internal/server/server.go
dashboard,GET,/workFission/index,web/legacy/dashboard/src/api/workFission.js,params:active_name,response.data,ACCESS_TOKEN,/dashboard,internal/server/server.go
dashboard,GET,/workFission/info,web/legacy/dashboard/src/api/workFission.js,params:id,response.data,ACCESS_TOKEN,/dashboard,internal/server/server.go
dashboard,GET,/workFission/inviteData,web/legacy/dashboard/src/api/workFission.js,params:fission_ids;page,response.data,ACCESS_TOKEN,/dashboard,internal/server/server.go
dashboard,GET,/workFission/inviteDetail,web/legacy/dashboard/src/api/workFission.js,params:id,response.data,ACCESS_TOKEN,/dashboard,internal/server/server.go
dashboard,GET,/workFission/show,web/legacy/dashboard/src/api/workFission.js,params:id,response.data,ACCESS_TOKEN,/dashboard,internal/server/server.go
dashboard,GET,/workFission/statistics,web/legacy/dashboard/src/api/workFission.js,params:fission_ids,response.data,ACCESS_TOKEN,/dashboard,internal/server/server.go
dashboard,GET,/workMessage/fromUsers,web/legacy/dashboard/src/api/workMessage.js,params:blocked[no-callsite],response.data,ACCESS_TOKEN,/dashboard,internal/server/server.go
dashboard,GET,/workMessage/index,web/legacy/dashboard/src/api/autoTag.js,params:page;perPage;toUserId;toUserType;workEmployeeId,response.data,ACCESS_TOKEN,/dashboard,internal/server/server.go
dashboard,GET,/workMessage/toUsers,web/legacy/dashboard/src/api/autoTag.js,params:blocked[no-callsite],response.data,ACCESS_TOKEN,/dashboard,internal/server/server.go
dashboard,GET,/workMessageConfig/corpIndex,web/legacy/dashboard/src/api/workMessageConfig.js,params:blocked[no-callsite],response.data,ACCESS_TOKEN,/dashboard,internal/server/server.go
dashboard,GET,/workMessageConfig/corpShow,web/legacy/dashboard/src/api/workMessageConfig.js,params:blocked[no-callsite],response.data,ACCESS_TOKEN,/dashboard,internal/server/server.go
dashboard,GET,/workMessageConfig/stepCreate,web/legacy/dashboard/src/api/workMessage.js,params:blocked[no-callsite],response.data,ACCESS_TOKEN,/dashboard,internal/server/server.go
dashboard,GET,/workRoom/index,web/legacy/dashboard/src/api/workRoom.js,params:endTime;name;page;perPage;roomGroupId;startTime;status;workRoomId;workRoomName;workRoomOwnerId;workRoomStatus,response.data,ACCESS_TOKEN,/dashboard,internal/server/server.go
dashboard,GET,/workRoom/roomIndex,web/legacy/dashboard/src/api/workContact.js,params:name,response.data,ACCESS_TOKEN,/dashboard,internal/server/server.go
dashboard,GET,/workRoom/statistics,web/legacy/dashboard/src/api/workRoom.js,params:endTime;startTime;type;workRoomId,response.data,ACCESS_TOKEN,/dashboard,internal/server/server.go
dashboard,GET,/workRoom/statisticsIndex,web/legacy/dashboard/src/api/workRoom.js,params:endTime;page;perPage;startTime;type;workRoomId,response.data,ACCESS_TOKEN,/dashboard,internal/server/server.go
dashboard,GET,/workRoomAutoPull/index,web/legacy/dashboard/src/api/workRoom.js,params:page;perPage;qrcodeName,response.data,ACCESS_TOKEN,/dashboard,internal/server/server.go
dashboard,GET,/workRoomAutoPull/show,web/legacy/dashboard/src/api/workRoom.js,params:workRoomAutoPullId,response.data,ACCESS_TOKEN,/dashboard,internal/server/server.go
dashboard,GET,/workRoomGroup/index,web/legacy/dashboard/src/api/workRoom.js,params:corpId;page;perPage,response.data,ACCESS_TOKEN,/dashboard,internal/server/server.go
dashboard,GET,lottery/showContact,web/legacy/dashboard/src/api/lottery.js,params:blocked[no-callsite],response.data,ACCESS_TOKEN,/dashboard,internal/server/server.go
dashboard,GET,menu/iconIndex,web/legacy/dashboard/src/api/menu.js,params:none,response.data,ACCESS_TOKEN,/dashboard,internal/server/server.go
dashboard,GET,menu/index,web/legacy/dashboard/src/api/menu.js,params:name;page;perPage,response.data,ACCESS_TOKEN,/dashboard,internal/server/server.go
dashboard,GET,menu/select,web/legacy/dashboard/src/api/menu.js,params:none,response.data,ACCESS_TOKEN,/dashboard,internal/server/server.go
dashboard,GET,menu/show,web/legacy/dashboard/src/api/menu.js,params:menuId,response.data,ACCESS_TOKEN,/dashboard,internal/server/server.go
dashboard,GET,roomMessageBatchSend/remind,web/legacy/dashboard/src/api/roomMessageBatchSend.js,params:batchEmployId;batchId,response.data,ACCESS_TOKEN,/dashboard,internal/server/server.go
dashboard,GET,roomMessageBatchSend/roomOwnerSendIndex,web/legacy/dashboard/src/api/roomMessageBatchSend.js,params:batchId;employeeIds;keyWords;sendStatus,response.data,ACCESS_TOKEN,/dashboard,internal/server/server.go
dashboard,GET,roomMessageBatchSend/roomReceiveIndex,web/legacy/dashboard/src/api/roomMessageBatchSend.js,params:batchId;employeeIds;keyWords;sendStatus,response.data,ACCESS_TOKEN,/dashboard,internal/server/server.go
dashboard,GET,roomMessageBatchSend/show,web/legacy/dashboard/src/api/roomMessageBatchSend.js,params:batchId,response.data,ACCESS_TOKEN,/dashboard,internal/server/server.go
dashboard,GET,workContactTag/contactTagList,web/legacy/dashboard/src/api/roomFission.js,params:blocked[dynamic-expression],response.data,ACCESS_TOKEN,/dashboard,internal/server/server.go
dashboard,GET,workMessage/index,web/legacy/dashboard/src/api/roomQuality.js,params:blocked[no-callsite],response.data,ACCESS_TOKEN,/dashboard,internal/server/server.go
dashboard,GET,workRoomAutoPull/index,web/legacy/dashboard/src/api/shopCode.js,params:blocked[no-callsite],response.data,ACCESS_TOKEN,/dashboard,internal/server/server.go
dashboard,POST,/agent/store,web/legacy/dashboard/src/api/chatTool.js,data:type;wxAgentId;wxSecret,response.data,ACCESS_TOKEN,/dashboard,internal/server/server.go
dashboard,POST,/autoTag/store,web/legacy/dashboard/src/api/autoTag.js,data:employees;exact_match_keyword;fuzzy_match_keyword;name;tag_rule;type,response.data,ACCESS_TOKEN,/dashboard,internal/server/server.go
dashboard,POST,/channelCode/store,web/legacy/dashboard/src/api/channelCode.js,data:baseInfo;drainageEmployee;welcomeMessage,response.data,ACCESS_TOKEN,/dashboard,internal/server/server.go
dashboard,POST,/channelCodeGroup/store,web/legacy/dashboard/src/api/channelCode.js,data:name,response.data,ACCESS_TOKEN,/dashboard,internal/server/server.go
dashboard,POST,/common/upload,web/legacy/dashboard/src/api/mediumGroup.js,data:blocked[no-callsite],response.data,ACCESS_TOKEN,/dashboard,internal/server/server.go
dashboard,POST,/contactBatchAdd/allot,web/legacy/dashboard/src/api/contactBatchAdd.js,data:blocked[no-callsite],response.data,ACCESS_TOKEN,/dashboard,internal/server/server.go
dashboard,POST,/contactBatchAdd/importStore,web/legacy/dashboard/src/api/contactBatchAdd.js,data:blocked[no-callsite],response.data,ACCESS_TOKEN,/dashboard,internal/server/server.go
dashboard,POST,/contactBatchAdd/settingUpdate,web/legacy/dashboard/src/api/contactBatchAdd.js,data:blocked[no-callsite],response.data,ACCESS_TOKEN,/dashboard,internal/server/server.go
dashboard,POST,/contactField/store,web/legacy/dashboard/src/api/contactField.js,data:label;options;order;status;type,response.data,ACCESS_TOKEN,/dashboard,internal/server/server.go
dashboard,POST,/contactMessageBatchSend/remind,web/legacy/dashboard/src/api/contactMessageBatchSend.js,data:batchId,response.data,ACCESS_TOKEN,/dashboard,internal/server/server.go
dashboard,POST,/contactMessageBatchSend/store,web/legacy/dashboard/src/api/contactMessageBatchSend.js,data:content;definiteTime;employeeIds;filterParams;blocked[dynamic-expression],response.data,ACCESS_TOKEN,/dashboard,internal/server/server.go
dashboard,POST,/contactSop/store,web/legacy/dashboard/src/api/contactSop.js,data:blocked[no-callsite],response.data,ACCESS_TOKEN,/dashboard,internal/server/server.go
dashboard,POST,/contactTransfer/index,web/legacy/dashboard/src/api/contactTransfer.js,data:list;takeoverUserId;type,response.data,ACCESS_TOKEN,/dashboard,internal/server/server.go
dashboard,POST,/contactTransfer/room,web/legacy/dashboard/src/api/contactTransfer.js,data:list;takeoverUserId;type,response.data,ACCESS_TOKEN,/dashboard,internal/server/server.go
dashboard,POST,/corp/bind,web/legacy/dashboard/src/api/login.js,data:corpId,response.data,ACCESS_TOKEN,/dashboard,internal/server/server.go
dashboard,POST,/corp/store,web/legacy/dashboard/src/api/corp.js,data:contactSecret;corpName;employeeSecret;wxCorpId,response.data,ACCESS_TOKEN,/dashboard,internal/server/server.go
dashboard,POST,/greeting/store,web/legacy/dashboard/src/api/greeting.js,data:employees;mediumId;rangeType;type;words,response.data,ACCESS_TOKEN,/dashboard,internal/server/server.go
dashboard,POST,/medium/store,web/legacy/dashboard/src/api/mediumGroup.js,data:content;isSync;mediumGroupId;type,response.data,ACCESS_TOKEN,/dashboard,internal/server/server.go
dashboard,POST,/mediumGroup/store,web/legacy/dashboard/src/api/mediumGroup.js,data:name,response.data,ACCESS_TOKEN,/dashboard,internal/server/server.go
dashboard,POST,/radar/store,web/legacy/dashboard/src/api/radar.js,data:blocked[no-callsite],response.data,ACCESS_TOKEN,/dashboard,internal/server/server.go
dashboard,POST,/radar/storeChannel,web/legacy/dashboard/src/api/radar.js,data:name,response.data,ACCESS_TOKEN,/dashboard,internal/server/server.go
dashboard,POST,/radar/storeChannelLink,web/legacy/dashboard/src/api/radar.js,data:channel_id;employeeId;radar_id;type,response.data,ACCESS_TOKEN,/dashboard,internal/server/server.go
dashboard,POST,/role/permissionStore,web/legacy/dashboard/src/api/role.js,data:menuIds;roleId,response.data,ACCESS_TOKEN,/dashboard,internal/server/server.go
dashboard,POST,/role/store,web/legacy/dashboard/src/api/role.js,data:dataPermission;name;remarks;roleId,response.data,ACCESS_TOKEN,/dashboard,internal/server/server.go
dashboard,POST,/roomCalendar/addRoom,web/legacy/dashboard/src/api/roomCalendar.js,data:blocked[no-callsite],response.data,ACCESS_TOKEN,/dashboard,internal/server/server.go
dashboard,POST,/roomCalendar/store,web/legacy/dashboard/src/api/roomCalendar.js,data:blocked[no-callsite],response.data,ACCESS_TOKEN,/dashboard,internal/server/server.go
dashboard,POST,/roomClockIn/store,web/legacy/dashboard/src/api/roomClockIn.js,data:blocked[no-callsite],response.data,ACCESS_TOKEN,/dashboard,internal/server/server.go
dashboard,POST,/roomFission/invite,web/legacy/dashboard/src/api/roomFission.js,data:blocked[no-callsite],response.data,ACCESS_TOKEN,/dashboard,internal/server/server.go
dashboard,POST,/roomFission/store,web/legacy/dashboard/src/api/roomFission.js,data:blocked[no-callsite],response.data,ACCESS_TOKEN,/dashboard,internal/server/server.go
dashboard,POST,/roomInfinitePull/store,web/legacy/dashboard/src/api/roomInfinitePull.js,data:blocked[no-callsite],response.data,ACCESS_TOKEN,/dashboard,internal/server/server.go
dashboard,POST,/roomMessageBatchSend/store,web/legacy/dashboard/src/api/roomMessageBatchSend.js,params:content;definiteTime;employeeIds;blocked[dynamic-expression],response.data,ACCESS_TOKEN,/dashboard,internal/server/server.go
dashboard,POST,/roomQuality/store,web/legacy/dashboard/src/api/roomQuality.js,data:blocked[no-callsite],response.data,ACCESS_TOKEN,/dashboard,internal/server/server.go
dashboard,POST,/roomRemind/store,web/legacy/dashboard/src/api/roomRemind.js,data:blocked[no-callsite],response.data,ACCESS_TOKEN,/dashboard,internal/server/server.go
dashboard,POST,/roomSop/store,web/legacy/dashboard/src/api/roomSop.js,data:blocked[no-callsite],response.data,ACCESS_TOKEN,/dashboard,internal/server/server.go
dashboard,POST,/roomTagPull/filterContact,web/legacy/dashboard/src/api/workRoom.js,data:choose_contact;employees;rooms,response.data,ACCESS_TOKEN,/dashboard,internal/server/server.go
dashboard,POST,/roomTagPull/store,web/legacy/dashboard/src/api/workRoom.js,data:choose_contact;employees;filter_contact;guide;name;rooms,response.data,ACCESS_TOKEN,/dashboard,internal/server/server.go
dashboard,POST,/roomWelcome/store,web/legacy/dashboard/src/api/roomWelcome.js,data:id;msg_complex;msg_text;notice,response.data,ACCESS_TOKEN,/dashboard,internal/server/server.go
dashboard,POST,/sensitiveWord/store,web/legacy/dashboard/src/api/sensitiveWords.js,data:blocked[no-callsite],response.data,ACCESS_TOKEN,/dashboard,internal/server/server.go
dashboard,POST,/sensitiveWordGroup/store,web/legacy/dashboard/src/api/sensitiveWords.js,data:blocked[no-callsite],response.data,ACCESS_TOKEN,/dashboard,internal/server/server.go
dashboard,POST,/shopCode/pageSet,web/legacy/dashboard/src/api/shopCode.js,data:blocked[no-callsite],response.data,ACCESS_TOKEN,/dashboard,internal/server/server.go
dashboard,POST,/shopCode/store,web/legacy/dashboard/src/api/shopCode.js,data:blocked[no-callsite],response.data,ACCESS_TOKEN,/dashboard,internal/server/server.go
dashboard,POST,/shopCode/updateEmployee,web/legacy/dashboard/src/api/shopCode.js,data:blocked[no-callsite],response.data,ACCESS_TOKEN,/dashboard,internal/server/server.go
dashboard,POST,/shopCode/updateQrcode,web/legacy/dashboard/src/api/shopCode.js,data:blocked[no-callsite],response.data,ACCESS_TOKEN,/dashboard,internal/server/server.go
dashboard,POST,/user/auth,web/legacy/dashboard/src/api/login.js,data:blocked[opaque-method-parameter],response.data,ACCESS_TOKEN,/dashboard,internal/server/server.go
dashboard,POST,/user/store,web/legacy/dashboard/src/api/user.js,data:confirmPass;gender;password;phone;roleId;status;userName,response.data,ACCESS_TOKEN,/dashboard,internal/server/server.go
dashboard,POST,/workContact/batchLabeling,web/legacy/dashboard/src/api/workContact.js,data:blocked[no-callsite],response.data,ACCESS_TOKEN,/dashboard,internal/server/server.go
dashboard,POST,/workContactTag/store,web/legacy/dashboard/src/api/roomClockIn.js,data:groupId;tagName,response.data,ACCESS_TOKEN,/dashboard,internal/server/server.go
dashboard,POST,/workContactTagGroup/store,web/legacy/dashboard/src/api/roomClockIn.js,data:groupName,response.data,ACCESS_TOKEN,/dashboard,internal/server/server.go
dashboard,POST,/workFission/invite,web/legacy/dashboard/src/api/workFission.js,data:fission_id;blocked[dynamic-expression|opaque-member],response.data,ACCESS_TOKEN,/dashboard,internal/server/server.go
dashboard,POST,/workFission/store,web/legacy/dashboard/src/api/workFission.js,data:fission;invite;poster;push;welcome,response.data,ACCESS_TOKEN,/dashboard,internal/server/server.go
dashboard,POST,/workMessageConfig/corpStore,web/legacy/dashboard/src/api/workMessage.js,data:blocked[no-callsite],response.data,ACCESS_TOKEN,/dashboard,internal/server/server.go
dashboard,POST,/workRoomAutoPull/store,web/legacy/dashboard/src/api/workRoom.js,data:corpId;leadingWords;qrcodeName;blocked[cyclic-reference],response.data,ACCESS_TOKEN,/dashboard,internal/server/server.go
dashboard,POST,/workRoomGroup/store,web/legacy/dashboard/src/api/workRoom.js,data:corpId;workRoomGroupName,response.data,ACCESS_TOKEN,/dashboard,internal/server/server.go
dashboard,POST,lottery/store,web/legacy/dashboard/src/api/lottery.js,data:blocked[no-callsite],response.data,ACCESS_TOKEN,/dashboard,internal/server/server.go
dashboard,POST,menu/store,web/legacy/dashboard/src/api/menu.js,data:dataPermission;icon;isPageMenu;level;linkType;linkUrl;name;blocked[dynamic-expression],response.data,ACCESS_TOKEN,/dashboard,internal/server/server.go
dashboard,PUT,/autoTag/onOff,web/legacy/dashboard/src/api/autoTag.js,data:id;on_off,response.data,ACCESS_TOKEN,/dashboard,internal/server/server.go
dashboard,PUT,/channelCode/update,web/legacy/dashboard/src/api/channelCode.js,data:baseInfo;channelCodeId;drainageEmployee;welcomeMessage,response.data,ACCESS_TOKEN,/dashboard,internal/server/server.go
dashboard,PUT,/channelCodeGroup/move,web/legacy/dashboard/src/api/channelCode.js,data:channelCodeId;groupId,response.data,ACCESS_TOKEN,/dashboard,internal/server/server.go
dashboard,PUT,/channelCodeGroup/update,web/legacy/dashboard/src/api/channelCode.js,data:groupId;name,response.data,ACCESS_TOKEN,/dashboard,internal/server/server.go
dashboard,PUT,/contactField/batchUpdate,web/legacy/dashboard/src/api/contactField.js,data:destroy;update,response.data,ACCESS_TOKEN,/dashboard,internal/server/server.go
dashboard,PUT,/contactField/statusUpdate,web/legacy/dashboard/src/api/contactField.js,data:id;status,response.data,ACCESS_TOKEN,/dashboard,internal/server/server.go
dashboard,PUT,/contactField/update,web/legacy/dashboard/src/api/contactField.js,data:id;label;options;order;status;type,response.data,ACCESS_TOKEN,/dashboard,internal/server/server.go
dashboard,PUT,/contactFieldPivot/update,web/legacy/dashboard/src/api/workContact.js,data:contactId;userPortrait,response.data,ACCESS_TOKEN,/dashboard,internal/server/server.go
dashboard,PUT,/contactSop/setEmployee,web/legacy/dashboard/src/api/contactSop.js,data:blocked[no-callsite],response.data,ACCESS_TOKEN,/dashboard,internal/server/server.go
dashboard,PUT,/contactSop/state,web/legacy/dashboard/src/api/contactSop.js,data:blocked[no-callsite],response.data,ACCESS_TOKEN,/dashboard,internal/server/server.go
dashboard,PUT,/contactSop/update,web/legacy/dashboard/src/api/contactSop.js,data:blocked[no-callsite],response.data,ACCESS_TOKEN,/dashboard,internal/server/server.go
dashboard,PUT,/corp/update,web/legacy/dashboard/src/api/corp.js,data:contactSecret;corpId;corpName;employeeSecret;wxCorpId,response.data,ACCESS_TOKEN,/dashboard,internal/server/server.go
dashboard,PUT,/greeting/update,web/legacy/dashboard/src/api/greeting.js,data:employees;greetingId;mediumId;rangeType;type;words,response.data,ACCESS_TOKEN,/dashboard,internal/server/server.go
dashboard,PUT,/lottery/batchContactTags,web/legacy/dashboard/src/api/lottery.js,data:blocked[no-callsite],response.data,ACCESS_TOKEN,/dashboard,internal/server/server.go
dashboard,PUT,/lottery/update,web/legacy/dashboard/src/api/lottery.js,data:blocked[no-callsite],response.data,ACCESS_TOKEN,/dashboard,internal/server/server.go
dashboard,PUT,/medium/groupUpdate,web/legacy/dashboard/src/api/mediumGroup.js,data:id;mediumGroupId,response.data,ACCESS_TOKEN,/dashboard,internal/server/server.go
dashboard,PUT,/medium/update,web/legacy/dashboard/src/api/mediumGroup.js,data:content;id;mediumGroupId;type,response.data,ACCESS_TOKEN,/dashboard,internal/server/server.go
dashboard,PUT,/mediumGroup/update,web/legacy/dashboard/src/api/mediumGroup.js,data:id;name,response.data,ACCESS_TOKEN,/dashboard,internal/server/server.go
dashboard,PUT,/radar/update,web/legacy/dashboard/src/api/radar.js,data:blocked[no-callsite],response.data,ACCESS_TOKEN,/dashboard,internal/server/server.go
dashboard,PUT,/role/statusUpdate,web/legacy/dashboard/src/api/role.js,data:roleId;status,response.data,ACCESS_TOKEN,/dashboard,internal/server/server.go
dashboard,PUT,/role/update,web/legacy/dashboard/src/api/role.js,data:dataPermission;name;remarks;roleId,response.data,ACCESS_TOKEN,/dashboard,internal/server/server.go
dashboard,PUT,/roomCalendar/update,web/legacy/dashboard/src/api/roomCalendar.js,data:blocked[no-callsite],response.data,ACCESS_TOKEN,/dashboard,internal/server/server.go
dashboard,PUT,/roomClockIn/batchContactTags,web/legacy/dashboard/src/api/roomClockIn.js,data:blocked[no-callsite],response.data,ACCESS_TOKEN,/dashboard,internal/server/server.go
dashboard,PUT,/roomClockIn/update,web/legacy/dashboard/src/api/roomClockIn.js,data:blocked[no-callsite],response.data,ACCESS_TOKEN,/dashboard,internal/server/server.go
dashboard,PUT,/roomFission/update,web/legacy/dashboard/src/api/roomFission.js,data:blocked[no-callsite],response.data,ACCESS_TOKEN,/dashboard,internal/server/server.go
dashboard,PUT,/roomInfinitePull/update,web/legacy/dashboard/src/api/roomInfinitePull.js,data:blocked[no-callsite],response.data,ACCESS_TOKEN,/dashboard,internal/server/server.go
dashboard,PUT,/roomQuality/status,web/legacy/dashboard/src/api/roomQuality.js,data:blocked[no-callsite],response.data,ACCESS_TOKEN,/dashboard,internal/server/server.go
dashboard,PUT,/roomQuality/update,web/legacy/dashboard/src/api/roomQuality.js,data:blocked[no-callsite],response.data,ACCESS_TOKEN,/dashboard,internal/server/server.go
dashboard,PUT,/roomRemind/update,web/legacy/dashboard/src/api/roomRemind.js,data:blocked[no-callsite],response.data,ACCESS_TOKEN,/dashboard,internal/server/server.go
dashboard,PUT,/roomSop/setRoom,web/legacy/dashboard/src/api/roomSop.js,data:blocked[no-callsite],response.data,ACCESS_TOKEN,/dashboard,internal/server/server.go
dashboard,PUT,/roomSop/state,web/legacy/dashboard/src/api/roomSop.js,data:blocked[no-callsite],response.data,ACCESS_TOKEN,/dashboard,internal/server/server.go
dashboard,PUT,/roomSop/update,web/legacy/dashboard/src/api/roomSop.js,data:blocked[no-callsite],response.data,ACCESS_TOKEN,/dashboard,internal/server/server.go
dashboard,PUT,/roomWelcome/update,web/legacy/dashboard/src/api/liveCode.js,data:blocked[no-callsite],response.data,ACCESS_TOKEN,/dashboard,internal/server/server.go
dashboard,PUT,/sensitiveWord/move,web/legacy/dashboard/src/api/sensitiveWords.js,data:blocked[no-callsite],response.data,ACCESS_TOKEN,/dashboard,internal/server/server.go
dashboard,PUT,/sensitiveWord/statusUpdate,web/legacy/dashboard/src/api/sensitiveWords.js,data:blocked[no-callsite],response.data,ACCESS_TOKEN,/dashboard,internal/server/server.go
dashboard,PUT,/sensitiveWordGroup/update,web/legacy/dashboard/src/api/sensitiveWords.js,data:blocked[no-callsite],response.data,ACCESS_TOKEN,/dashboard,internal/server/server.go
dashboard,PUT,/shopCode/batchContactTags,web/legacy/dashboard/src/api/shopCode.js,data:blocked[no-callsite],response.data,ACCESS_TOKEN,/dashboard,internal/server/server.go
dashboard,PUT,/shopCode/status,web/legacy/dashboard/src/api/shopCode.js,data:blocked[no-callsite],response.data,ACCESS_TOKEN,/dashboard,internal/server/server.go
dashboard,PUT,/shopCode/update,web/legacy/dashboard/src/api/shopCode.js,data:blocked[no-callsite],response.data,ACCESS_TOKEN,/dashboard,internal/server/server.go
dashboard,PUT,/user/logout,web/legacy/dashboard/src/api/login.js,data:none,response.data,ACCESS_TOKEN,/dashboard,internal/server/server.go
dashboard,PUT,/user/passwordReset,web/legacy/dashboard/src/api/user.js,data:id;newPassword,response.data,ACCESS_TOKEN,/dashboard,internal/server/server.go
dashboard,PUT,/user/passwordUpdate,web/legacy/dashboard/src/api/passWordUpdate.js,data:againNewPassword;newPassword;oldPassword,response.data,ACCESS_TOKEN,/dashboard,internal/server/server.go
dashboard,PUT,/user/statusUpdate,web/legacy/dashboard/src/api/user.js,data:blocked[no-callsite],response.data,ACCESS_TOKEN,/dashboard,internal/server/server.go
dashboard,PUT,/user/update,web/legacy/dashboard/src/api/user.js,data:gender;phone;roleId;status;userId;userName,response.data,ACCESS_TOKEN,/dashboard,internal/server/server.go
dashboard,PUT,/workContact/synContact,web/legacy/dashboard/src/api/workContact.js,data:none,response.data,ACCESS_TOKEN,/dashboard,internal/server/server.go
dashboard,PUT,/workContact/update,web/legacy/dashboard/src/api/workContact.js,data:businessNo;contactId;description;employeeId;remark;tag,response.data,ACCESS_TOKEN,/dashboard,internal/server/server.go
dashboard,PUT,/workContactTag/move,web/legacy/dashboard/src/api/workContactTag.js,data:groupId;tagId,response.data,ACCESS_TOKEN,/dashboard,internal/server/server.go
dashboard,PUT,/workContactTag/synContactTag,web/legacy/dashboard/src/api/workContactTag.js,data:none,response.data,ACCESS_TOKEN,/dashboard,internal/server/server.go
dashboard,PUT,/workContactTag/update,web/legacy/dashboard/src/api/workContactTag.js,data:groupId;isUpdate;tagId;tagName,response.data,ACCESS_TOKEN,/dashboard,internal/server/server.go
dashboard,PUT,/workContactTagGroup/update,web/legacy/dashboard/src/api/workContactTag.js,data:groupId;groupName;isUpdate,response.data,ACCESS_TOKEN,/dashboard,internal/server/server.go
dashboard,PUT,/workEmployee/synEmployee,web/legacy/dashboard/src/api/workEmployee.js,data:none,response.data,ACCESS_TOKEN,/dashboard,internal/server/server.go
dashboard,PUT,/workFission/update,web/legacy/dashboard/src/api/workFission.js,data:fission;poster;push;welcome,response.data,ACCESS_TOKEN,/dashboard,internal/server/server.go
dashboard,PUT,/workMessageConfig/stepUpdate,web/legacy/dashboard/src/api/workMessage.js,data:blocked[no-callsite],response.data,ACCESS_TOKEN,/dashboard,internal/server/server.go
dashboard,PUT,/workRoom/batchUpdate,web/legacy/dashboard/src/api/workRoom.js,data:workRoomGroupId;workRoomIds,response.data,ACCESS_TOKEN,/dashboard,internal/server/server.go
dashboard,PUT,/workRoom/syn,web/legacy/dashboard/src/api/workRoom.js,data:corpId,response.data,ACCESS_TOKEN,/dashboard,internal/server/server.go
dashboard,PUT,/workRoomAutoPull/move,web/legacy/dashboard/src/api/workRoom.js,data:blocked[no-callsite],response.data,ACCESS_TOKEN,/dashboard,internal/server/server.go
dashboard,PUT,/workRoomAutoPull/update,web/legacy/dashboard/src/api/workRoom.js,data:workRoomAutoPullId;blocked[cyclic-reference],response.data,ACCESS_TOKEN,/dashboard,internal/server/server.go
dashboard,PUT,/workRoomGroup/update,web/legacy/dashboard/src/api/workRoom.js,data:workRoomGroupId;workRoomGroupName,response.data,ACCESS_TOKEN,/dashboard,internal/server/server.go
dashboard,PUT,menu/statusUpdate,web/legacy/dashboard/src/api/menu.js,data:menuId;status,response.data,ACCESS_TOKEN,/dashboard,internal/server/server.go
dashboard,PUT,menu/update,web/legacy/dashboard/src/api/menu.js,data:dataPermission;icon;isPageMenu;level;linkType;linkUrl;menuId;name;blocked[dynamic-expression],response.data,ACCESS_TOKEN,/dashboard,internal/server/server.go
operation,GET,/officialAccount/openUserInfo,web/legacy/operation/src/api/user.js,params:blocked[no-callsite],response.data,no-auth-header,/operation,-
operation,GET,/openUserInfo/lottery,web/legacy/operation/src/api/lottery.js,params:id,response.data,no-auth-header,/operation,internal/server/server.go
operation,GET,/openUserInfo/roomClockIn,web/legacy/operation/src/api/roomClockIn.js,params:id,response.data,no-auth-header,/operation,internal/server/server.go
operation,GET,/openUserInfo/roomFission,web/legacy/operation/src/api/roomFission.js,params:id,response.data,no-auth-header,/operation,internal/server/server.go
operation,GET,/openUserInfo/shopCode,web/legacy/operation/src/api/shopCode.js,params:id,response.data,no-auth-header,/operation,internal/server/server.go
operation,GET,/openUserInfo/workFission,web/legacy/operation/src/api/workFission.js,params:id,response.data,no-auth-header,/operation,internal/server/server.go
operation,GET,/roomClockIn/clockInRanking,web/legacy/operation/src/api/roomClockIn.js,params:id;union_id,response.data,no-auth-header,/operation,internal/server/server.go
operation,GET,/roomClockIn/contactData,web/legacy/operation/src/api/roomClockIn.js,params:avatar;city;id;nickname;openid;union_id,response.data,no-auth-header,/operation,internal/server/server.go
operation,GET,/roomFission/inviteFriends,web/legacy/operation/src/api/roomFission.js,params:fission_id;union_id,response.data,no-auth-header,/operation,internal/server/server.go
operation,GET,/roomFission/poster,web/legacy/operation/src/api/roomFission.js,params:avatar;fission_id;nickname;parentUnionId;union_id;wxUserId,response.data,no-auth-header,/operation,internal/server/server.go
operation,GET,/roomFission/receive,web/legacy/operation/src/api/roomFission.js,params:fission_id;union_id,response.data,no-auth-header,/operation,internal/server/server.go
operation,GET,/roomInfinitePull/qrCode,web/legacy/operation/src/api/roomInfinite.js,params:id,response.data,no-auth-header,/operation,internal/server/server.go
operation,GET,/shopCode/areaCode,web/legacy/operation/src/api/shopCode.js,params:city;corpId;province;type,response.data,no-auth-header,/operation,internal/server/server.go
operation,GET,/shopCode/weChatSdkConfig,web/legacy/operation/src/api/shopCode.js,params:corpId;url,response.data,no-auth-header,/operation,internal/server/server.go
operation,GET,/workFission/inviteFriends,web/legacy/operation/src/api/workFission.js,params:fission_id;union_id,response.data,no-auth-header,/operation,internal/server/server.go
operation,GET,/workFission/poster,web/legacy/operation/src/api/workFission.js,params:avatar;fission_id;nickname;union_id,response.data,no-auth-header,/operation,internal/server/server.go
operation,GET,/workFission/receive,web/legacy/operation/src/api/workFission.js,params:fission_id;level;union_id,response.data,no-auth-header,/operation,internal/server/server.go
operation,GET,/workFission/taskData,web/legacy/operation/src/api/workFission.js,params:fission_id;union_id,response.data,no-auth-header,/operation,internal/server/server.go
operation,POST,/lottery/contactData,web/legacy/operation/src/api/lottery.js,params:avatar;city;id;nickname;openid;source;union_id,response.data,no-auth-header,/operation,internal/server/server.go
operation,PUT,/lottery/contactLottery,web/legacy/operation/src/api/lottery.js,data:id;nickname;union_id,response.data,no-auth-header,/operation,internal/server/server.go
operation,PUT,/lottery/receive,web/legacy/operation/src/api/lottery.js,data:id,response.data,no-auth-header,/operation,internal/server/server.go
operation,PUT,/roomClockIn/contactClockIn,web/legacy/operation/src/api/roomClockIn.js,data:id;openid;union_id,response.data,no-auth-header,/operation,internal/server/server.go
operation,PUT,/roomClockIn/receive,web/legacy/operation/src/api/roomClockIn.js,data:id;level;union_id,response.data,no-auth-header,/operation,internal/server/server.go
sidebar,GET,/agent/jssdkConfig,web/legacy/sidebar/src/api/wxconfig.js,params:agentId;uriPath,response.data,Bearer cookie token,/sidebar,internal/server/server.go
sidebar,GET,/agent/oauth,web/legacy/sidebar/src/api/wxconfig.js,params:act;agentId;isJsRedirect,response.data,Bearer cookie token,/sidebar,internal/server/server.go
sidebar,GET,/contactBatchAdd/detail,web/legacy/sidebar/src/api/contactBatchAdd.js,params:batchId;status,response.data,Bearer cookie token,/sidebar,internal/server/server.go
sidebar,GET,/contactFieldPivot/index,web/legacy/sidebar/src/api/contact.js,params:contactId,response.data,Bearer cookie token,/sidebar,internal/server/server.go
sidebar,GET,/contactSop/getSopInfo,web/legacy/sidebar/src/api/contactSop.js,params:id,response.data,Bearer cookie token,/sidebar,internal/server/server.go
sidebar,GET,/contactSop/getSopTipInfo,web/legacy/sidebar/src/api/contactSop.js,params:contactId,response.data,Bearer cookie token,/sidebar,internal/server/server.go
sidebar,GET,/medium/index,web/legacy/sidebar/src/api/medium.js,params:mediumGroupId;page;perPage;searchStr;type,response.data,Bearer cookie token,/sidebar,internal/server/server.go
sidebar,GET,/medium/mediaIdUpdate,web/legacy/sidebar/src/api/medium.js,params:mediumId,response.data,Bearer cookie token,/sidebar,internal/server/server.go
sidebar,GET,/mediumGroup/index,web/legacy/sidebar/src/api/medium.js,params:none,response.data,Bearer cookie token,/sidebar,internal/server/server.go
sidebar,GET,/roomCalendar/index,web/legacy/sidebar/src/api/roomCalendar.js,params:none,response.data,Bearer cookie token,/sidebar,-
sidebar,GET,/roomCalendar/setRoom,web/legacy/sidebar/src/api/roomCalendar.js,params:id;roomId,response.data,Bearer cookie token,/sidebar,-
sidebar,GET,/roomQuality/deleteRoom,web/legacy/sidebar/src/api/roomQuality.js,params:id;roomId,response.data,Bearer cookie token,/sidebar,-
sidebar,GET,/roomQuality/index,web/legacy/sidebar/src/api/roomQuality.js,params:roomId,response.data,Bearer cookie token,/sidebar,-
sidebar,GET,/roomQuality/setRoom,web/legacy/sidebar/src/api/roomQuality.js,params:id;roomId,response.data,Bearer cookie token,/sidebar,-
sidebar,GET,/roomSop/getSopInfo,web/legacy/sidebar/src/api/roomSop.js,params:id,response.data,Bearer cookie token,/sidebar,internal/server/server.go
sidebar,GET,/roomSop/tipSopAddRoom,web/legacy/sidebar/src/api/roomSop.js,params:id;roomId,response.data,Bearer cookie token,/sidebar,-
sidebar,GET,/roomSop/tipSopDelRoom,web/legacy/sidebar/src/api/roomSop.js,params:id;roomId,response.data,Bearer cookie token,/sidebar,-
sidebar,GET,/roomSop/tipSopList,web/legacy/sidebar/src/api/roomSop.js,params:none,response.data,Bearer cookie token,/sidebar,-
sidebar,GET,/workContact/detail,web/legacy/sidebar/src/api/contact.js,params:wxExternalUserid,response.data,Bearer cookie token,/sidebar,internal/server/server.go
sidebar,GET,/workContact/show,web/legacy/sidebar/src/api/contact.js,params:contactId,response.data,Bearer cookie token,/sidebar,internal/server/server.go
sidebar,GET,/workContact/track,web/legacy/sidebar/src/api/contact.js,params:contactId,response.data,Bearer cookie token,/sidebar,internal/server/server.go
sidebar,GET,/workContactTag/allTag,web/legacy/sidebar/src/api/contact.js,params:groupId,response.data,Bearer cookie token,/sidebar,internal/server/server.go
sidebar,GET,/workContactTagGroup/index,web/legacy/sidebar/src/api/contact.js,params:none,response.data,Bearer cookie token,/sidebar,internal/server/server.go
sidebar,GET,/workRoom/roomManage,web/legacy/sidebar/src/api/room.js,params:blocked[no-callsite],response.data,Bearer cookie token,/sidebar,internal/server/server.go
sidebar,GET,/wxJsSdk/config,web/legacy/sidebar/src/api/wxconfig.js,params:blocked[no-callsite],response.data,Bearer cookie token,/sidebar,internal/server/server.go
sidebar,POST,/common/upload,web/legacy/sidebar/src/api/contact.js,data:file,response.data,Bearer cookie token,/sidebar,internal/server/server.go
sidebar,PUT,/contactFieldPivot/update,web/legacy/sidebar/src/api/contact.js,data:contactId;userPortrait,response.data,Bearer cookie token,/sidebar,internal/server/server.go
sidebar,PUT,/roomSop/logState,web/legacy/sidebar/src/api/roomSop.js,data:id,response.data,Bearer cookie token,/sidebar,internal/server/server.go
sidebar,PUT,/roomSop/setRoom,web/legacy/sidebar/src/api/roomSop.js,data:blocked[no-callsite],response.data,Bearer cookie token,/sidebar,-
sidebar,PUT,/workContact/update,web/legacy/sidebar/src/api/contact.js,data:contactId;remark;tag,response.data,Bearer cookie token,/sidebar,internal/server/server.go
