app,source_file,kind,license_status,used_by
dashboard,web/legacy/dashboard/src/assets/1.jpeg,jpeg,blocked,unreferenced-in-legacy-source
dashboard,web/legacy/dashboard/src/assets/10.jpeg,jpeg,blocked,unreferenced-in-legacy-source
dashboard,web/legacy/dashboard/src/assets/11.jpeg,jpeg,blocked,unreferenced-in-legacy-source
dashboard,web/legacy/dashboard/src/assets/12.jpeg,jpeg,blocked,unreferenced-in-legacy-source
dashboard,web/legacy/dashboard/src/assets/13.jpeg,jpeg,blocked,unreferenced-in-legacy-source
dashboard,web/legacy/dashboard/src/assets/14.jpeg,jpeg,blocked,unreferenced-in-legacy-source
dashboard,web/legacy/dashboard/src/assets/2.jpeg,jpeg,blocked,unreferenced-in-legacy-source
dashboard,web/legacy/dashboard/src/assets/3.jpeg,jpeg,blocked,unreferenced-in-legacy-source
dashboard,web/legacy/dashboard/src/assets/4.jpeg,jpeg,blocked,unreferenced-in-legacy-source
dashboard,web/legacy/dashboard/src/assets/5.jpeg,jpeg,blocked,unreferenced-in-legacy-source
dashboard,web/legacy/dashboard/src/assets/6.jpeg,jpeg,blocked,unreferenced-in-legacy-source
dashboard,web/legacy/dashboard/src/assets/7.jpeg,jpeg,blocked,unreferenced-in-legacy-source
dashboard,web/legacy/dashboard/src/assets/8.jpeg,jpeg,blocked,unreferenced-in-legacy-source
dashboard,web/legacy/dashboard/src/assets/9.jpeg,jpeg,blocked,unreferenced-in-legacy-source
dashboard,web/legacy/dashboard/src/assets/applets.png,png,blocked,web/legacy/dashboard/src/views/mediumGroup/index.vue
dashboard,web/legacy/dashboard/src/assets/avatar-default.svg,svg,blocked,web/legacy/dashboard/src/components/Preview/index.vue
dashboard,web/legacy/dashboard/src/assets/avatar-room-default.svg,svg,blocked,web/legacy/dashboard/src/components/Select/group.vue;web/legacy/dashboard/src/components/Select/selectGroup.vue;web/legacy/dashboard/src/views/roomCalendar/components/group.vue;web/legacy/dashboard/src/views/roomFission/components/create/selectGroup.vue;web/legacy/dashboard/src/views/roomFission/components/create/step/step3.vue;web/legacy/dashboard/src/views/roomMessageBatchSend/show.vue;web/legacy/dashboard/src/views/roomTagPull/create.vue;web/legacy/dashboard/src/views/roomTagPull/detail.vue;web/legacy/dashboard/src/views/workRoom/detail.vue
dashboard,web/legacy/dashboard/src/assets/avatar.png,png,blocked,web/legacy/dashboard/src/views/autoTag/keywordShow.vue;web/legacy/dashboard/src/views/workEmployee/index.vue
dashboard,web/legacy/dashboard/src/assets/background.png,png,blocked,web/legacy/dashboard/src/views/login/login.vue
dashboard,web/legacy/dashboard/src/assets/batch-add-user-sms.png,png,blocked,unreferenced-in-legacy-source
dashboard,web/legacy/dashboard/src/assets/customer.png,png,blocked,web/legacy/dashboard/src/views/chatTool/customer.vue
dashboard,web/legacy/dashboard/src/assets/default-cover.png,png,blocked,web/legacy/dashboard/src/components/Upload/index.vue;web/legacy/dashboard/src/views/roomFission/components/create/step/step3.vue;web/legacy/dashboard/src/views/workFission/components/details.vue
dashboard,web/legacy/dashboard/src/assets/enhance.png,png,blocked,web/legacy/dashboard/src/views/chatTool/enhance.vue
dashboard,web/legacy/dashboard/src/assets/link.jpg,jpg,blocked,web/legacy/dashboard/src/components/Preview/index.vue;web/legacy/dashboard/src/views/roomWelcome/components/Details.vue;web/legacy/dashboard/src/views/roomWelcome/index.vue
dashboard,web/legacy/dashboard/src/assets/lock.png,png,blocked,web/legacy/dashboard/src/views/login/login.vue
dashboard,web/legacy/dashboard/src/assets/logo-no-word.png,png,blocked,web/legacy/dashboard/src/views/officialAccount/create.vue
dashboard,web/legacy/dashboard/src/assets/logo.png,png,blocked,unreferenced-in-legacy-source
dashboard,web/legacy/dashboard/src/assets/logo.svg,svg,blocked,unreferenced-in-legacy-source
dashboard,web/legacy/dashboard/src/assets/lottery-default-cover.png,png,blocked,unreferenced-in-legacy-source
dashboard,web/legacy/dashboard/src/assets/mission-create-default-avatar.jpg,jpg,blocked,web/legacy/dashboard/src/views/roomFission/components/create/step/step2.vue;web/legacy/dashboard/src/views/workFission/components/create/step/step2.vue;web/legacy/dashboard/src/views/workFission/components/update/step/step2.vue
dashboard,web/legacy/dashboard/src/assets/model-iphone.png,png,blocked,unreferenced-in-legacy-source
dashboard,web/legacy/dashboard/src/assets/modify.png,png,blocked,unreferenced-in-legacy-source
dashboard,web/legacy/dashboard/src/assets/phone-preview-bg.png,png,blocked,unreferenced-in-legacy-source
dashboard,web/legacy/dashboard/src/assets/phone.png,png,blocked,web/legacy/dashboard/src/components/Preview/index.vue
dashboard,web/legacy/dashboard/src/assets/push.png,png,blocked,web/legacy/dashboard/src/components/GlobalHeader/index.vue
dashboard,web/legacy/dashboard/src/assets/qr-preview.png,png,blocked,web/legacy/dashboard/src/views/roomFission/components/create/step/step2.vue;web/legacy/dashboard/src/views/workFission/components/create/step/step2.vue;web/legacy/dashboard/src/views/workFission/components/update/step/step2.vue
dashboard,web/legacy/dashboard/src/assets/quick-reply-pdf-cover.png,png,blocked,unreferenced-in-legacy-source
dashboard,web/legacy/dashboard/src/assets/room-punch-auth.png,png,blocked,web/legacy/dashboard/src/views/officialAccount/create.vue
dashboard,web/legacy/dashboard/src/assets/systemHomePage/card-four.png,png,blocked,web/legacy/dashboard/src/views/corpData/index.vue
dashboard,web/legacy/dashboard/src/assets/systemHomePage/card-one.png,png,blocked,web/legacy/dashboard/src/views/corpData/index.vue
dashboard,web/legacy/dashboard/src/assets/systemHomePage/card-three.png,png,blocked,web/legacy/dashboard/src/views/corpData/index.vue
dashboard,web/legacy/dashboard/src/assets/systemHomePage/card-two.png,png,blocked,web/legacy/dashboard/src/views/corpData/index.vue
dashboard,web/legacy/dashboard/src/assets/systemHomePage/customer-icon.png,png,blocked,web/legacy/dashboard/src/views/corpData/index.vue
dashboard,web/legacy/dashboard/src/assets/systemHomePage/enterpriseMembers-icon.png,png,blocked,web/legacy/dashboard/src/views/corpData/index.vue
dashboard,web/legacy/dashboard/src/assets/systemHomePage/file-icon.png,png,blocked,web/legacy/dashboard/src/views/corpData/index.vue
dashboard,web/legacy/dashboard/src/assets/systemHomePage/help-icon.png,png,blocked,web/legacy/dashboard/src/views/corpData/index.vue
dashboard,web/legacy/dashboard/src/assets/systemHomePage/memberGroup-icon.png,png,blocked,web/legacy/dashboard/src/views/corpData/index.vue
dashboard,web/legacy/dashboard/src/assets/systemHomePage/optBtn-one.png,png,blocked,web/legacy/dashboard/src/views/corpData/index.vue
dashboard,web/legacy/dashboard/src/assets/systemHomePage/optBtn-three.png,png,blocked,web/legacy/dashboard/src/views/corpData/index.vue
dashboard,web/legacy/dashboard/src/assets/systemHomePage/optBtn-two.png,png,blocked,web/legacy/dashboard/src/views/corpData/index.vue
dashboard,web/legacy/dashboard/src/assets/systemHomePage/search-icon.png,png,blocked,web/legacy/dashboard/src/views/corpData/index.vue
dashboard,web/legacy/dashboard/src/assets/systemHomePage/searchTwo-icon.png,png,blocked,web/legacy/dashboard/src/views/corpData/index.vue
dashboard,web/legacy/dashboard/src/assets/systemHomePage/WechatGroup-icon.png,png,blocked,web/legacy/dashboard/src/views/corpData/index.vue
dashboard,web/legacy/dashboard/src/assets/title.png,png,blocked,web/legacy/dashboard/src/components/Logo/index.vue;web/legacy/dashboard/src/views/login/login.vue
dashboard,web/legacy/dashboard/src/assets/user.png,png,blocked,web/legacy/dashboard/src/views/login/login.vue
dashboard,web/legacy/dashboard/src/assets/wework-qrcode.png,png,blocked,unreferenced-in-legacy-source
dashboard,web/legacy/dashboard/src/assets/wx-mp.png,png,blocked,web/legacy/dashboard/src/views/officialAccount/create.vue
dashboard,web/legacy/dashboard/src/assets/xls.png,png,blocked,unreferenced-in-legacy-source
operation,web/legacy/operation/src/assets/mixin.scss,scss,blocked,unreferenced-in-legacy-source
operation,web/legacy/operation/src/static/images/001.png,png,blocked,web/legacy/operation/src/views/lottery/index.vue
operation,web/legacy/operation/src/static/images/002.png,png,blocked,unreferenced-in-legacy-source
operation,web/legacy/operation/src/static/images/bg.png,png,blocked,web/legacy/operation/src/views/lottery/index.vue;web/legacy/operation/src/views/roomClockIn/index.vue;web/legacy/operation/src/views/roomFission/fissionIndex.vue;web/legacy/operation/src/views/roomFission/fissionSpeed.vue;web/legacy/operation/src/views/workFission/index.vue;web/legacy/operation/src/views/workFission/speed.vue
operation,web/legacy/operation/src/static/images/download.jpg,jpg,blocked,unreferenced-in-legacy-source
operation,web/legacy/operation/src/static/images/error.png,png,blocked,web/legacy/operation/src/views/workFission/speed.vue
operation,web/legacy/operation/src/static/images/gift-image.png,png,blocked,web/legacy/operation/src/views/workFission/speed.vue
operation,web/legacy/operation/src/static/images/gift.png,png,blocked,web/legacy/operation/src/views/workFission/speed.vue
operation,web/legacy/operation/src/static/images/logo.jpg,jpg,blocked,unreferenced-in-legacy-source
operation,web/legacy/operation/src/static/images/lottery.jpg,jpg,blocked,unreferenced-in-legacy-source
operation,web/legacy/operation/src/static/images/pdf.png,png,blocked,web/legacy/sidebar/src/views/medium/index.vue
sidebar,web/legacy/sidebar/src/assets/check.png,png,blocked,web/legacy/sidebar/src/views/medium/index.vue
sidebar,web/legacy/sidebar/src/assets/excel.png,png,blocked,web/legacy/sidebar/src/views/medium/index.vue
sidebar,web/legacy/sidebar/src/assets/file.png,png,blocked,web/legacy/sidebar/src/views/medium/index.vue
sidebar,web/legacy/sidebar/src/assets/pdf.png,png,blocked,web/legacy/sidebar/src/views/medium/index.vue
sidebar,web/legacy/sidebar/src/assets/word.png,png,blocked,web/legacy/dashboard/src/views/officialAccount/create.vue;web/legacy/sidebar/src/views/medium/index.vue
sidebar,web/legacy/sidebar/src/assets/zip.png,png,blocked,web/legacy/sidebar/src/views/medium/index.vue
