app,route,menu_link_url,actions,source_file
dashboard,*,*,implicit-route-access,web/legacy/dashboard/src/router/base/error.js
dashboard,/,/,implicit-route-access,web/legacy/dashboard/src/router/router.config.js
dashboard,/404,/404,implicit-route-access,web/legacy/dashboard/src/views/error/404.vue
dashboard,/autoTag/dayPartCreate,/autoTag/dayPartCreate,implicit-route-access,web/legacy/dashboard/src/views/autoTag/dayPartCreate.vue
dashboard,/autoTag/dayPartIndex,/autoTag/dayPartIndex,implicit-route-access,web/legacy/dashboard/src/views/autoTag/dayPartIndex.vue
dashboard,/autoTag/dayPartShow,/autoTag/dayPartShow,implicit-route-access,web/legacy/dashboard/src/views/autoTag/dayPartShow.vue
dashboard,/autoTag/joinRoomCreate,/autoTag/joinRoomCreate,implicit-route-access,web/legacy/dashboard/src/views/autoTag/joinRoomCreate.vue
dashboard,/autoTag/joinRoomIndex,/autoTag/joinRoomIndex,implicit-route-access,web/legacy/dashboard/src/views/autoTag/joinRoomIndex.vue
dashboard,/autoTag/joinRoomShow,/autoTag/joinRoomShow,implicit-route-access,web/legacy/dashboard/src/views/autoTag/joinRoomShow.vue
dashboard,/autoTag/keywordCreate,/autoTag/keywordCreate,implicit-route-access,web/legacy/dashboard/src/views/autoTag/keywordCreate.vue
dashboard,/autoTag/keywordIndex,/autoTag/keywordIndex,implicit-route-access,web/legacy/dashboard/src/views/autoTag/keywordIndex.vue
dashboard,/autoTag/keywordShow,/autoTag/keywordShow,implicit-route-access,web/legacy/dashboard/src/views/autoTag/keywordShow.vue
dashboard,/channelCode/index,/channelCode/index,add;customer;download;edit;editGroup;move;search,web/legacy/dashboard/src/views/channelCode/index.vue
dashboard,/channelCode/statistics,/channelCode/statistics,implicit-route-access,web/legacy/dashboard/src/views/channelCode/statistics.vue
dashboard,/channelCode/store,/channelCode/store,confirm,web/legacy/dashboard/src/views/channelCode/store.vue
dashboard,/chatTool/customer,/chatTool/customer,implicit-route-access,web/legacy/dashboard/src/views/chatTool/customer.vue
dashboard,/chatTool/enhance,/chatTool/enhance,implicit-route-access,web/legacy/dashboard/src/views/chatTool/enhance.vue
dashboard,/contactField/index,/contactField/index,add;advanced;all;batch;close;edit,web/legacy/dashboard/src/views/contactField/index.vue
dashboard,/contactMessageBatchSend/index,/contactMessageBatchSend/index,implicit-route-access,web/legacy/dashboard/src/views/contactMessageBatchSend/index.vue
dashboard,/contactMessageBatchSend/show,/contactMessageBatchSend/show,implicit-route-access,web/legacy/dashboard/src/views/contactMessageBatchSend/show.vue
dashboard,/contactMessageBatchSend/store,/contactMessageBatchSend/store,implicit-route-access,web/legacy/dashboard/src/views/contactMessageBatchSend/store.vue
dashboard,/contactTransfer/resignAllotRecord,/contactTransfer/resignAllotRecord,implicit-route-access,web/legacy/dashboard/src/views/contactTransfer/resignAllotRecord.vue
dashboard,/contactTransfer/resignIndex,/contactTransfer/resignIndex,implicit-route-access,web/legacy/dashboard/src/views/contactTransfer/resignIndex.vue
dashboard,/contactTransfer/workAllotRecord,/contactTransfer/workAllotRecord,implicit-route-access,web/legacy/dashboard/src/views/contactTransfer/workAllotRecord.vue
dashboard,/contactTransfer/workIndex,/contactTransfer/workIndex,implicit-route-access,web/legacy/dashboard/src/views/contactTransfer/workIndex.vue
dashboard,/corpData/index,/corpData/index,implicit-route-access,web/legacy/dashboard/src/views/corpData/index.vue
dashboard,/department/index,/department/index,check;search;sync,web/legacy/dashboard/src/views/department/index.vue
dashboard,/greeting/index,/greeting/index,delete;edit,web/legacy/dashboard/src/views/greeting/index.vue
dashboard,/greeting/store,/greeting/store,add,web/legacy/dashboard/src/views/greeting/store.vue
dashboard,/login,/login,implicit-route-access,web/legacy/dashboard/src/views/login/login.vue
dashboard,/lossContact/index,/lossContact/index,implicit-route-access,web/legacy/dashboard/src/views/lossContact/index.vue
dashboard,/mediumGroup/index,/mediumGroup/index,add;delete;edit;editGroup;move,web/legacy/dashboard/src/views/mediumGroup/index.vue
dashboard,/menu/index,/menu/index,add;edit;search,web/legacy/dashboard/src/views/menu/index.vue
dashboard,/officialAccount/create,/officialAccount/create,implicit-route-access,web/legacy/dashboard/src/views/officialAccount/create.vue
dashboard,/officialAccount/index,/officialAccount/index,implicit-route-access,web/legacy/dashboard/src/views/officialAccount/index.vue
dashboard,/passwordUpdate/index,/passwordUpdate/index,save,web/legacy/dashboard/src/views/passwordUpdate/index.vue
dashboard,/role/index,/role/index,add;checkMember;copy;delete;edit;search;use,web/legacy/dashboard/src/views/role/index.vue
dashboard,/role/permissionShow,/role/permissionShow,save,web/legacy/dashboard/src/views/role/permissionShow.vue
dashboard,/roomMessageBatchSend/index,/roomMessageBatchSend/index,implicit-route-access,web/legacy/dashboard/src/views/roomMessageBatchSend/index.vue
dashboard,/roomMessageBatchSend/show,/roomMessageBatchSend/show,implicit-route-access,web/legacy/dashboard/src/views/roomMessageBatchSend/show.vue
dashboard,/roomMessageBatchSend/store,/roomMessageBatchSend/store,implicit-route-access,web/legacy/dashboard/src/views/roomMessageBatchSend/store.vue
dashboard,/roomTagPull/contactDetail,/roomTagPull/contactDetail,implicit-route-access,web/legacy/dashboard/src/views/roomTagPull/contactDetail.vue
dashboard,/roomTagPull/create,/roomTagPull/create,implicit-route-access,web/legacy/dashboard/src/views/roomTagPull/create.vue
dashboard,/roomTagPull/detail,/roomTagPull/detail,implicit-route-access,web/legacy/dashboard/src/views/roomTagPull/detail.vue
dashboard,/roomTagPull/index,/roomTagPull/index,implicit-route-access,web/legacy/dashboard/src/views/roomTagPull/index.vue
dashboard,/roomWelcome/create,/roomWelcome/create,implicit-route-access,web/legacy/dashboard/src/views/roomWelcome/create.vue
dashboard,/roomWelcome/index,/roomWelcome/index,implicit-route-access,web/legacy/dashboard/src/views/roomWelcome/index.vue
dashboard,/statistics/contact,/statistics/contact,implicit-route-access,web/legacy/dashboard/src/views/statistics/contact.vue
dashboard,/statistics/employee,/statistics/employee,implicit-route-access,web/legacy/dashboard/src/views/statistics/employee.vue
dashboard,/user/index,/user/index,add;search,web/legacy/dashboard/src/views/user/index.vue
dashboard,/workContact/contactFieldPivot,/workContact/contactFieldPivot,detail;edit;track;update,web/legacy/dashboard/src/views/workContact/contactFieldPivot.vue
dashboard,/workContact/index,/workContact/index,search;sync,web/legacy/dashboard/src/views/workContact/index.vue
dashboard,/workContactTag/index,/workContactTag/index,add;addGroup;delete;deleteTag;edit;editGroup;move;sync,web/legacy/dashboard/src/views/workContactTag/index.vue
dashboard,/workEmployee/index,/workEmployee/index,search;sync,web/legacy/dashboard/src/views/workEmployee/index.vue
dashboard,/workFission/create,/workFission/create,implicit-route-access,web/legacy/dashboard/src/views/workFission/create.vue
dashboard,/workFission/dataShow,/workFission/dataShow,implicit-route-access,web/legacy/dashboard/src/views/workFission/dataShow.vue
dashboard,/workFission/edit,/workFission/edit,implicit-route-access,web/legacy/dashboard/src/views/workFission/edit.vue
dashboard,/workFission/invite,/workFission/invite,implicit-route-access,web/legacy/dashboard/src/views/workFission/invite.vue
dashboard,/workFission/taskpage,/workFission/taskpage,implicit-route-access,web/legacy/dashboard/src/views/workFission/taskpage.vue
dashboard,/workRoom/detail,/workRoom/detail,implicit-route-access,web/legacy/dashboard/src/views/workRoom/detail.vue
dashboard,/workRoom/index,/workRoom/index,add;batch;edit;member;move;search;sync,web/legacy/dashboard/src/views/workRoom/index.vue
dashboard,/workRoom/statistics,/workRoom/statistics,implicit-route-access,web/legacy/dashboard/src/views/workRoom/statistics.vue
dashboard,/workRoomAutoPull/index,/workRoomAutoPull/index,detail;download;edit;search,web/legacy/dashboard/src/views/workRoomAutoPull/index.vue
dashboard,/workRoomAutoPull/store,/workRoomAutoPull/store,submit,web/legacy/dashboard/src/views/workRoomAutoPull/store.vue
operation,/,/,implicit-route-access,web/legacy/operation/src/views/index/index.vue
operation,/explain,/explain,implicit-route-access,web/legacy/operation/src/views/lottery/explain.vue
operation,/fissionSpeed,/fissionSpeed,implicit-route-access,web/legacy/operation/src/views/roomFission/fissionSpeed.vue
operation,/lottery,/lottery,implicit-route-access,web/legacy/operation/src/views/lottery/index.vue
operation,/roomClockIn,/roomClockIn,implicit-route-access,web/legacy/operation/src/views/roomClockIn/index.vue
operation,/roomFission,/roomFission,implicit-route-access,web/legacy/operation/src/views/roomFission/fissionIndex.vue
operation,/roomInfinitePull,/roomInfinitePull,implicit-route-access,web/legacy/operation/src/views/roomInfinitePull/roomInfinitePull.vue
operation,/shopCode,/shopCode,implicit-route-access,web/legacy/operation/src/views/shopCode/shopCodeIndex.vue
operation,/speed,/speed,implicit-route-access,web/legacy/operation/src/views/workFission/speed.vue
operation,/workFission,/workFission,implicit-route-access,web/legacy/operation/src/views/workFission/index.vue
sidebar,/:pathMatch(.*),/:pathMatch(.*),implicit-route-access,web/legacy/sidebar/src/router/routes.js
sidebar,/,/,implicit-route-access,web/legacy/sidebar/src/views/index/index.vue
sidebar,/404,/404,implicit-route-access,web/legacy/sidebar/src/views/error/404.vue
sidebar,/auth,/auth,implicit-route-access,web/legacy/sidebar/src/views/auth/index.vue
sidebar,/codeAuth,/codeAuth,implicit-route-access,web/legacy/sidebar/src/views/codeAuth/index.vue
sidebar,/contact,/contact,implicit-route-access,web/legacy/sidebar/src/views/contact/index.vue
sidebar,/contact/editDetail,/contact/editDetail,implicit-route-access,web/legacy/sidebar/src/views/contact/editDetail.vue
sidebar,/contact/remark,/contact/remark,implicit-route-access,web/legacy/sidebar/src/views/contact/remark.vue
sidebar,/contact/settingTag,/contact/settingTag,implicit-route-access,web/legacy/sidebar/src/views/contact/settingTag.vue
sidebar,/contactBatchAdd,/contactBatchAdd,implicit-route-access,web/legacy/sidebar/src/views/contactBatchAdd/index.vue
sidebar,/contactSop,/contactSop,implicit-route-access,web/legacy/sidebar/src/views/contactSop/contactSop.vue
sidebar,/login,/login,implicit-route-access,web/legacy/sidebar/src/views/login/index.vue
sidebar,/medium,/medium,implicit-route-access,web/legacy/sidebar/src/views/medium/index.vue
sidebar,/roomSop,/roomSop,implicit-route-access,web/legacy/sidebar/src/views/roomSop/roomSop.vue
