app,path,name,source_file,auth,corp_context,permission,render_target
dashboard,*,-,web/legacy/dashboard/src/router/base/error.js,ACCESS_TOKEN,dashboard-corp-context,implicit-route-access,dashboard-spa
dashboard,/,/,web/legacy/dashboard/src/router/router.config.js,ACCESS_TOKEN,dashboard-corp-context,implicit-route-access,dashboard-spa
dashboard,/404,404,web/legacy/dashboard/src/router/base/error.js,ACCESS_TOKEN,dashboard-corp-context,implicit-route-access,dashboard-spa
dashboard,/autoTag/dayPartCreate,/autoTagDayPartCreate,web/legacy/dashboard/src/router/asyncRouter.js,ACCESS_TOKEN,dashboard-corp-context,implicit-route-access,dashboard-spa
dashboard,/autoTag/dayPartIndex,/autoTagDayPartIndex,web/legacy/dashboard/src/router/asyncRouter.js,ACCESS_TOKEN,dashboard-corp-context,implicit-route-access,dashboard-spa
dashboard,/autoTag/dayPartShow,/autoTagDayPartShow,web/legacy/dashboard/src/router/asyncRouter.js,ACCESS_TOKEN,dashboard-corp-context,implicit-route-access,dashboard-spa
dashboard,/autoTag/joinRoomCreate,/autoTagJoinRoomCreate,web/legacy/dashboard/src/router/asyncRouter.js,ACCESS_TOKEN,dashboard-corp-context,implicit-route-access,dashboard-spa
dashboard,/autoTag/joinRoomIndex,/autoTagJoinRoomIndex,web/legacy/dashboard/src/router/asyncRouter.js,ACCESS_TOKEN,dashboard-corp-context,implicit-route-access,dashboard-spa
dashboard,/autoTag/joinRoomShow,/autoTagJoinRoomShow,web/legacy/dashboard/src/router/asyncRouter.js,ACCESS_TOKEN,dashboard-corp-context,implicit-route-access,dashboard-spa
dashboard,/autoTag/keywordCreate,/autoTagKeyWordCreate,web/legacy/dashboard/src/router/asyncRouter.js,ACCESS_TOKEN,dashboard-corp-context,implicit-route-access,dashboard-spa
dashboard,/autoTag/keywordIndex,/autoTagKeyWordIndex,web/legacy/dashboard/src/router/asyncRouter.js,ACCESS_TOKEN,dashboard-corp-context,implicit-route-access,dashboard-spa
dashboard,/autoTag/keywordShow,/autoTagKeyWordShow,web/legacy/dashboard/src/router/asyncRouter.js,ACCESS_TOKEN,dashboard-corp-context,implicit-route-access,dashboard-spa
dashboard,/channelCode/index,channelCodeIndex,web/legacy/dashboard/src/router/asyncRouter.js,ACCESS_TOKEN,dashboard-corp-context,add;customer;download;edit;editGroup;move;search,dashboard-spa
dashboard,/channelCode/statistics,channelCodeStatistics,web/legacy/dashboard/src/router/asyncRouter.js,ACCESS_TOKEN,dashboard-corp-context,implicit-route-access,dashboard-spa
dashboard,/channelCode/store,channelCodeStore,web/legacy/dashboard/src/router/asyncRouter.js,ACCESS_TOKEN,dashboard-corp-context,confirm,dashboard-spa
dashboard,/chatTool/customer,customer,web/legacy/dashboard/src/router/asyncRouter.js,ACCESS_TOKEN,dashboard-corp-context,implicit-route-access,dashboard-spa
dashboard,/chatTool/enhance,chatEnhance,web/legacy/dashboard/src/router/asyncRouter.js,ACCESS_TOKEN,dashboard-corp-context,implicit-route-access,dashboard-spa
dashboard,/contactField/index,contactField,web/legacy/dashboard/src/router/asyncRouter.js,ACCESS_TOKEN,dashboard-corp-context,add;advanced;all;batch;close;edit,dashboard-spa
dashboard,/contactMessageBatchSend/index,contactMessageBatchSendIndex,web/legacy/dashboard/src/router/asyncRouter.js,ACCESS_TOKEN,dashboard-corp-context,implicit-route-access,dashboard-spa
dashboard,/contactMessageBatchSend/show,contactMessageBatchSendShow,web/legacy/dashboard/src/router/asyncRouter.js,ACCESS_TOKEN,dashboard-corp-context,implicit-route-access,dashboard-spa
dashboard,/contactMessageBatchSend/store,contactMessageBatchSendStore,web/legacy/dashboard/src/router/asyncRouter.js,ACCESS_TOKEN,dashboard-corp-context,implicit-route-access,dashboard-spa
dashboard,/contactTransfer/resignAllotRecord,contactTransferResignAllotRecord,web/legacy/dashboard/src/router/asyncRouter.js,ACCESS_TOKEN,dashboard-corp-context,implicit-route-access,dashboard-spa
dashboard,/contactTransfer/resignIndex,contactTransferResignIndex,web/legacy/dashboard/src/router/asyncRouter.js,ACCESS_TOKEN,dashboard-corp-context,implicit-route-access,dashboard-spa
dashboard,/contactTransfer/workAllotRecord,contactTransferWorkAllotRecord,web/legacy/dashboard/src/router/asyncRouter.js,ACCESS_TOKEN,dashboard-corp-context,implicit-route-access,dashboard-spa
dashboard,/contactTransfer/workIndex,contactTransferWorkIndex,web/legacy/dashboard/src/router/asyncRouter.js,ACCESS_TOKEN,dashboard-corp-context,implicit-route-access,dashboard-spa
dashboard,/corp/index,corpIndex,web/legacy/dashboard/src/router/asyncRouter.js,ACCESS_TOKEN,dashboard-corp-context,addwx;check;edit;search,react-dashboard
dashboard,/corpData/index,systemHomePage,web/legacy/dashboard/src/router/asyncRouter.js,ACCESS_TOKEN,dashboard-corp-context,implicit-route-access,dashboard-spa
dashboard,/department/index,departmentIndex,web/legacy/dashboard/src/router/asyncRouter.js,ACCESS_TOKEN,dashboard-corp-context,check;search;sync,dashboard-spa
dashboard,/greeting/index,greetingIndex,web/legacy/dashboard/src/router/asyncRouter.js,ACCESS_TOKEN,dashboard-corp-context,delete;edit,dashboard-spa
dashboard,/greeting/store,greetingStore,web/legacy/dashboard/src/router/asyncRouter.js,ACCESS_TOKEN,dashboard-corp-context,add,dashboard-spa
dashboard,/login,login,web/legacy/dashboard/src/router/base/index.js,public,dashboard-corp-context,implicit-route-access,dashboard-spa
dashboard,/lossContact/index,lossContact,web/legacy/dashboard/src/router/asyncRouter.js,ACCESS_TOKEN,dashboard-corp-context,implicit-route-access,dashboard-spa
dashboard,/mediumGroup/index,mediumGroupIndex,web/legacy/dashboard/src/router/asyncRouter.js,ACCESS_TOKEN,dashboard-corp-context,add;delete;edit;editGroup;move,dashboard-spa
dashboard,/menu/index,menuIndex,web/legacy/dashboard/src/router/asyncRouter.js,ACCESS_TOKEN,dashboard-corp-context,add;edit;search,dashboard-spa
dashboard,/officialAccount/create,officialAccountCreate,web/legacy/dashboard/src/router/asyncRouter.js,ACCESS_TOKEN,dashboard-corp-context,implicit-route-access,dashboard-spa
dashboard,/officialAccount/index,officialAccountIndex,web/legacy/dashboard/src/router/asyncRouter.js,ACCESS_TOKEN,dashboard-corp-context,implicit-route-access,dashboard-spa
dashboard,/passwordUpdate/index,passwordUpdate,web/legacy/dashboard/src/router/asyncRouter.js,ACCESS_TOKEN,dashboard-corp-context,save,dashboard-spa
dashboard,/role/index,roleIndex,web/legacy/dashboard/src/router/asyncRouter.js,ACCESS_TOKEN,dashboard-corp-context,add;checkMember;copy;delete;edit;search;use,dashboard-spa
dashboard,/role/permissionShow,rolePermissionShow,web/legacy/dashboard/src/router/asyncRouter.js,ACCESS_TOKEN,dashboard-corp-context,save,dashboard-spa
dashboard,/roomMessageBatchSend/index,roomMessageBatchSendIndex,web/legacy/dashboard/src/router/asyncRouter.js,ACCESS_TOKEN,dashboard-corp-context,implicit-route-access,dashboard-spa
dashboard,/roomMessageBatchSend/show,roomMessageBatchSend/show,web/legacy/dashboard/src/router/asyncRouter.js,ACCESS_TOKEN,dashboard-corp-context,implicit-route-access,dashboard-spa
dashboard,/roomMessageBatchSend/store,roomMessageBatchSendStore,web/legacy/dashboard/src/router/asyncRouter.js,ACCESS_TOKEN,dashboard-corp-context,implicit-route-access,dashboard-spa
dashboard,/roomTagPull/contactDetail,roomTagPullContactDetail,web/legacy/dashboard/src/router/asyncRouter.js,ACCESS_TOKEN,dashboard-corp-context,implicit-route-access,dashboard-spa
dashboard,/roomTagPull/create,roomTagPullCreate,web/legacy/dashboard/src/router/asyncRouter.js,ACCESS_TOKEN,dashboard-corp-context,implicit-route-access,dashboard-spa
dashboard,/roomTagPull/detail,roomTagPullDetail,web/legacy/dashboard/src/router/asyncRouter.js,ACCESS_TOKEN,dashboard-corp-context,implicit-route-access,dashboard-spa
dashboard,/roomTagPull/index,roomTagPull,web/legacy/dashboard/src/router/asyncRouter.js,ACCESS_TOKEN,dashboard-corp-context,implicit-route-access,dashboard-spa
dashboard,/roomWelcome/create,roomWelcomeCreate,web/legacy/dashboard/src/router/asyncRouter.js,ACCESS_TOKEN,dashboard-corp-context,implicit-route-access,dashboard-spa
dashboard,/roomWelcome/index,roomWelcomeIndex,web/legacy/dashboard/src/router/asyncRouter.js,ACCESS_TOKEN,dashboard-corp-context,implicit-route-access,dashboard-spa
dashboard,/statistics/contact,/statisticsContact,web/legacy/dashboard/src/router/asyncRouter.js,ACCESS_TOKEN,dashboard-corp-context,implicit-route-access,dashboard-spa
dashboard,/statistics/employee,/statisticsEmployee,web/legacy/dashboard/src/router/asyncRouter.js,ACCESS_TOKEN,dashboard-corp-context,implicit-route-access,dashboard-spa
dashboard,/user/index,user,web/legacy/dashboard/src/router/asyncRouter.js,ACCESS_TOKEN,dashboard-corp-context,add;search,dashboard-spa
dashboard,/workContact/contactFieldPivot,contactFieldPivot,web/legacy/dashboard/src/router/asyncRouter.js,ACCESS_TOKEN,dashboard-corp-context,detail;edit;track;update,dashboard-spa
dashboard,/workContact/index,workContactIndex,web/legacy/dashboard/src/router/asyncRouter.js,ACCESS_TOKEN,dashboard-corp-context,search;sync,dashboard-spa
dashboard,/workContactTag/index,workContactTag,web/legacy/dashboard/src/router/asyncRouter.js,ACCESS_TOKEN,dashboard-corp-context,add;addGroup;delete;deleteTag;edit;editGroup;move;sync,dashboard-spa
dashboard,/workEmployee/index,workEmployeeIndex,web/legacy/dashboard/src/router/asyncRouter.js,ACCESS_TOKEN,dashboard-corp-context,search;sync,dashboard-spa
dashboard,/workFission/create,workFissionCreate,web/legacy/dashboard/src/router/asyncRouter.js,ACCESS_TOKEN,dashboard-corp-context,implicit-route-access,dashboard-spa
dashboard,/workFission/dataShow,workFissionDataShow,web/legacy/dashboard/src/router/asyncRouter.js,ACCESS_TOKEN,dashboard-corp-context,implicit-route-access,dashboard-spa
dashboard,/workFission/edit,workFissionEdit,web/legacy/dashboard/src/router/asyncRouter.js,ACCESS_TOKEN,dashboard-corp-context,implicit-route-access,dashboard-spa
dashboard,/workFission/invite,workFissionInvite,web/legacy/dashboard/src/router/asyncRouter.js,ACCESS_TOKEN,dashboard-corp-context,implicit-route-access,dashboard-spa
dashboard,/workFission/taskpage,workFissionTaskpage,web/legacy/dashboard/src/router/asyncRouter.js,ACCESS_TOKEN,dashboard-corp-context,implicit-route-access,dashboard-spa
dashboard,/workRoom/detail,workRoomDetail,web/legacy/dashboard/src/router/asyncRouter.js,ACCESS_TOKEN,dashboard-corp-context,implicit-route-access,dashboard-spa
dashboard,/workRoom/index,workRoomIndex,web/legacy/dashboard/src/router/asyncRouter.js,ACCESS_TOKEN,dashboard-corp-context,add;batch;edit;member;move;search;sync,dashboard-spa
dashboard,/workRoom/statistics,statistics,web/legacy/dashboard/src/router/asyncRouter.js,ACCESS_TOKEN,dashboard-corp-context,implicit-route-access,dashboard-spa
dashboard,/workRoomAutoPull/index,workRoomAutoPull,web/legacy/dashboard/src/router/asyncRouter.js,ACCESS_TOKEN,dashboard-corp-context,detail;download;edit;search,dashboard-spa
dashboard,/workRoomAutoPull/store,workRoomAutoPullStore,web/legacy/dashboard/src/router/asyncRouter.js,ACCESS_TOKEN,dashboard-corp-context,submit,dashboard-spa
operation,/,-,web/legacy/operation/src/router/index.js,no-auth-header,operation-corp-context,implicit-route-access,operation-spa
operation,/explain,-,web/legacy/operation/src/router/index.js,no-auth-header,operation-corp-context,implicit-route-access,operation-spa
operation,/fissionSpeed,-,web/legacy/operation/src/router/index.js,no-auth-header,operation-corp-context,implicit-route-access,operation-spa
operation,/lottery,lotteryIndex,web/legacy/operation/src/router/index.js,no-auth-header,operation-corp-context,implicit-route-access,operation-spa
operation,/roomClockIn,/roomClockIn,web/legacy/operation/src/router/index.js,no-auth-header,operation-corp-context,implicit-route-access,operation-spa
operation,/roomFission,-,web/legacy/operation/src/router/index.js,no-auth-header,operation-corp-context,implicit-route-access,operation-spa
operation,/roomInfinitePull,-,web/legacy/operation/src/router/index.js,no-auth-header,operation-corp-context,implicit-route-access,operation-spa
operation,/shopCode,shopCodeIndex,web/legacy/operation/src/router/index.js,no-auth-header,operation-corp-context,implicit-route-access,operation-spa
operation,/speed,-,web/legacy/operation/src/router/index.js,no-auth-header,operation-corp-context,implicit-route-access,operation-spa
operation,/workFission,workFissionIndex,web/legacy/operation/src/router/index.js,no-auth-header,operation-corp-context,implicit-route-access,operation-spa
sidebar,/:pathMatch(.*),-,web/legacy/sidebar/src/router/routes.js,Bearer cookie token,sidebar-corp-context,implicit-route-access,sidebar-embedded
sidebar,/,index,web/legacy/sidebar/src/router/routes.js,public,sidebar-corp-context,implicit-route-access,sidebar-embedded
sidebar,/404,404,web/legacy/sidebar/src/router/routes.js,Bearer cookie token,sidebar-corp-context,implicit-route-access,sidebar-embedded
sidebar,/auth,auth,web/legacy/sidebar/src/router/routes.js,public,sidebar-corp-context,implicit-route-access,sidebar-embedded
sidebar,/codeAuth,codeAuth,web/legacy/sidebar/src/router/routes.js,public,sidebar-corp-context,implicit-route-access,sidebar-embedded
sidebar,/contact,contact,web/legacy/sidebar/src/router/routes.js,Bearer cookie token,sidebar-corp-context,implicit-route-access,sidebar-embedded
sidebar,/contact/editDetail,contactEditDetail,web/legacy/sidebar/src/router/routes.js,Bearer cookie token,sidebar-corp-context,implicit-route-access,sidebar-embedded
sidebar,/contact/remark,contactRemark,web/legacy/sidebar/src/router/routes.js,Bearer cookie token,sidebar-corp-context,implicit-route-access,sidebar-embedded
sidebar,/contact/settingTag,contactSettingTag,web/legacy/sidebar/src/router/routes.js,Bearer cookie token,sidebar-corp-context,implicit-route-access,sidebar-embedded
sidebar,/contactBatchAdd,contactBatchAdd,web/legacy/sidebar/src/router/routes.js,Bearer cookie token,sidebar-corp-context,implicit-route-access,sidebar-embedded
sidebar,/contactSop,contactSop,web/legacy/sidebar/src/router/routes.js,Bearer cookie token,sidebar-corp-context,implicit-route-access,sidebar-embedded
sidebar,/login,login,web/legacy/sidebar/src/router/routes.js,public,sidebar-corp-context,implicit-route-access,sidebar-embedded
sidebar,/medium,medium,web/legacy/sidebar/src/router/routes.js,Bearer cookie token,sidebar-corp-context,implicit-route-access,sidebar-embedded
sidebar,/roomSop,roomSop,web/legacy/sidebar/src/router/routes.js,Bearer cookie token,sidebar-corp-context,implicit-route-access,sidebar-embedded
